id,date,parsed_on,updated_at
1,2020-02-25,2020-02-25 22:19:08.7470000 +00:00,2020-02-25 22:19:08.7470000 +00:00
2,2020-02-24,2020-02-25 22:19:08.7480000 +00:00,2020-02-25 22:19:08.7480000 +00:00
3,2020-02-23,2020-02-25 22:19:08.7480000 +00:00,2020-02-25 22:19:08.7480000 +00:00
4,2020-02-22,2020-02-25 22:19:08.7490000 +00:00,2020-02-25 22:19:08.7490000 +00:00
5,2020-02-21,2020-02-25 22:19:08.7490000 +00:00,2020-02-25 22:19:08.7490000 +00:00
6,2020-02-20,2020-02-25 22:19:08.7490000 +00:00,2020-02-25 22:19:08.7490000 +00:00
7,2020-02-19,2020-02-25 22:19:08.7500000 +00:00,2020-02-25 22:19:08.7500000 +00:00
8,2020-02-18,2020-02-25 22:19:08.7500000 +00:00,2020-02-25 22:19:08.7500000 +00:00
9,2020-02-17,2020-02-25 22:19:08.7500000 +00:00,2020-02-25 22:19:08.7500000 +00:00
10,2020-02-16,2020-02-25 22:19:08.7510000 +00:00,2020-02-25 22:19:08.7510000 +00:00
11,2020-02-15,2020-02-25 22:19:08.7510000 +00:00,2020-02-25 22:19:08.7510000 +00:00
12,2020-02-14,2020-02-25 22:19:08.7510000 +00:00,2020-02-25 22:19:08.7510000 +00:00
13,2020-02-13,2020-02-25 22:19:08.7510000 +00:00,2020-02-25 22:19:08.7510000 +00:00
14,2020-02-12,2020-02-25 22:19:08.7510000 +00:00,2020-02-25 22:19:08.7510000 +00:00
15,2020-02-11,2020-02-25 22:19:08.7520000 +00:00,2020-02-25 22:19:08.7520000 +00:00
16,2020-02-10,2020-02-25 22:19:08.7520000 +00:00,2020-02-25 22:19:08.7520000 +00:00
17,2020-02-09,2020-02-25 22:19:08.7520000 +00:00,2020-02-25 22:19:08.7520000 +00:00
18,2020-02-08,2020-02-25 22:19:08.7520000 +00:00,2020-02-25 22:19:08.7520000 +00:00
19,2020-02-07,2020-02-25 22:19:08.7520000 +00:00,2020-02-25 22:19:08.7520000 +00:00
20,2020-02-06,2020-02-25 22:19:08.7530000 +00:00,2020-02-25 22:19:08.7530000 +00:00
21,2020-02-05,2020-02-25 22:19:08.7530000 +00:00,2020-02-25 22:19:08.7530000 +00:00
22,2020-02-04,2020-02-25 22:19:08.7530000 +00:00,2020-02-25 22:19:08.7530000 +00:00
23,2020-02-03,2020-02-25 22:19:08.7530000 +00:00,2020-02-25 22:19:08.7530000 +00:00
24,2020-02-02,2020-02-25 22:19:08.7530000 +00:00,2020-02-25 22:19:08.7530000 +00:00
25,2020-02-01,2020-02-25 22:19:08.7540000 +00:00,2020-02-25 22:19:08.7540000 +00:00
26,2020-01-31,2020-02-25 22:19:08.7540000 +00:00,2020-02-25 22:19:08.7540000 +00:00
27,2020-01-30,2020-02-25 22:19:08.7540000 +00:00,2020-02-25 22:19:08.7540000 +00:00
28,2020-01-29,2020-02-25 22:19:08.7540000 +00:00,2020-02-25 22:19:08.7540000 +00:00
29,2020-01-28,2020-02-25 22:19:08.7540000 +00:00,2020-02-25 22:19:08.7540000 +00:00
30,2020-01-27,2020-02-25 22:19:08.7540000 +00:00,2020-02-25 22:19:08.7540000 +00:00
31,2020-02-26,2020-02-26 14:35:44.7220000 +00:00,2020-02-26 14:35:44.7220000 +00:00
32,2020-02-27,2020-02-27 14:00:02.9900000 +00:00,2020-02-27 14:00:02.9900000 +00:00
33,2020-02-28,2020-02-28 14:00:02.8360000 +00:00,2020-02-28 14:00:02.8360000 +00:00
34,2020-03-02,2020-03-02 14:00:05.3160000 +00:00,2020-03-02 14:00:05.3160000 +00:00
35,2020-03-01,2020-03-02 14:00:05.3190000 +00:00,2020-03-02 14:00:05.3190000 +00:00
36,2020-02-29,2020-03-02 14:00:05.3190000 +00:00,2020-03-02 14:00:05.3190000 +00:00
37,2020-03-03,2020-03-03 13:00:01.9270000 +00:00,2020-03-03 13:00:01.9270000 +00:00
38,2020-03-04,2020-03-04 14:00:02.2150000 +00:00,2020-03-04 14:00:02.2150000 +00:00
39,2020-03-05,2020-03-05 14:00:02.0450000 +00:00,2020-03-05 14:00:02.0450000 +00:00
40,2020-03-06,2020-03-06 14:00:03.5420000 +00:00,2020-03-06 14:00:03.5420000 +00:00
41,2020-03-09,2020-03-09 13:00:05.3410000 +00:00,2020-03-09 13:00:05.3410000 +00:00
42,2020-03-08,2020-03-09 13:00:05.3420000 +00:00,2020-03-09 13:00:05.3420000 +00:00
43,2020-03-07,2020-03-09 13:00:05.3420000 +00:00,2020-03-09 13:00:05.3420000 +00:00
44,2020-03-10,2020-03-10 13:00:01.8060000 +00:00,2020-03-10 13:00:01.8060000 +00:00
45,2020-03-11,2020-03-11 13:00:01.7160000 +00:00,2020-03-11 13:00:01.7160000 +00:00
46,2020-03-12,2020-03-12 13:00:02.0530000 +00:00,2020-03-12 13:00:02.0530000 +00:00
47,2020-04-08,2020-04-08 15:23:35.2480000 +00:00,2020-04-08 15:23:35.2480000 +00:00
48,2020-04-07,2020-04-08 15:23:35.2500000 +00:00,2020-04-08 15:23:35.2500000 +00:00
49,2020-04-06,2020-04-08 15:23:35.2500000 +00:00,2020-04-08 15:23:35.2500000 +00:00
50,2020-04-05,2020-04-08 15:23:35.2500000 +00:00,2020-04-08 15:23:35.2500000 +00:00
51,2020-04-04,2020-04-08 15:23:35.2510000 +00:00,2020-04-08 15:23:35.2510000 +00:00
52,2020-04-03,2020-04-08 15:23:35.2510000 +00:00,2020-04-08 15:23:35.2510000 +00:00
53,2020-04-02,2020-04-08 15:23:35.2520000 +00:00,2020-04-08 15:23:35.2520000 +00:00
54,2020-04-01,2020-04-08 15:23:35.2520000 +00:00,2020-04-08 15:23:35.2520000 +00:00
55,2020-03-31,2020-04-08 15:23:35.2520000 +00:00,2020-04-08 15:23:35.2520000 +00:00
56,2020-03-30,2020-04-08 15:23:35.2520000 +00:00,2020-04-08 15:23:35.2520000 +00:00
57,2020-03-29,2020-04-08 15:23:35.2530000 +00:00,2020-04-08 15:23:35.2530000 +00:00
58,2020-03-28,2020-04-08 15:23:35.2530000 +00:00,2020-04-08 15:23:35.2530000 +00:00
59,2020-03-27,2020-04-08 15:23:35.2530000 +00:00,2020-04-08 15:23:35.2530000 +00:00
60,2020-03-26,2020-04-08 15:23:35.2530000 +00:00,2020-04-08 15:23:35.2530000 +00:00
61,2020-03-25,2020-04-08 15:23:35.2540000 +00:00,2020-04-08 15:23:35.2540000 +00:00
62,2020-03-24,2020-04-08 15:23:35.2540000 +00:00,2020-04-08 15:23:35.2540000 +00:00
63,2020-03-23,2020-04-08 15:23:35.2550000 +00:00,2020-04-08 15:23:35.2550000 +00:00
64,2020-03-22,2020-04-08 15:23:35.2560000 +00:00,2020-04-08 15:23:35.2560000 +00:00
65,2020-03-21,2020-04-08 15:23:35.2560000 +00:00,2020-04-08 15:23:35.2560000 +00:00
66,2020-03-20,2020-04-08 15:23:35.2560000 +00:00,2020-04-08 15:23:35.2560000 +00:00
67,2020-03-19,2020-04-08 15:23:35.2560000 +00:00,2020-04-08 15:23:35.2560000 +00:00
68,2020-03-18,2020-04-08 15:23:35.2570000 +00:00,2020-04-08 15:23:35.2570000 +00:00
69,2020-03-17,2020-04-08 15:23:35.2570000 +00:00,2020-04-08 15:23:35.2570000 +00:00
70,2020-03-16,2020-04-08 15:23:35.2570000 +00:00,2020-04-08 15:23:35.2570000 +00:00
71,2020-03-15,2020-04-08 15:23:35.2570000 +00:00,2020-04-08 15:23:35.2570000 +00:00
72,2020-03-14,2020-04-08 15:23:35.2570000 +00:00,2020-04-08 15:23:35.2570000 +00:00
73,2020-03-13,2020-04-08 15:23:35.2580000 +00:00,2020-04-08 15:23:35.2580000 +00:00
74,2020-04-09,2020-04-09 13:00:02.4900000 +00:00,2020-04-09 13:00:02.4900000 +00:00
75,2020-04-10,2020-04-10 12:00:02.7180000 +00:00,2020-04-10 12:00:02.7180000 +00:00
76,2020-04-13,2020-04-13 13:00:05.4550000 +00:00,2020-04-13 13:00:05.4550000 +00:00
77,2020-04-12,2020-04-13 13:00:05.4560000 +00:00,2020-04-13 13:00:05.4560000 +00:00
78,2020-04-11,2020-04-13 13:00:05.4560000 +00:00,2020-04-13 13:00:05.4560000 +00:00
79,2020-04-14,2020-04-14 12:00:02.3670000 +00:00,2020-04-14 12:00:02.3670000 +00:00
80,2020-04-15,2020-04-15 13:00:03.3780000 +00:00,2020-04-15 13:00:03.3780000 +00:00
81,2020-04-16,2020-04-16 12:00:05.9230000 +00:00,2020-04-16 12:00:05.9230000 +00:00
82,2020-04-17,2020-04-17 12:00:02.4550000 +00:00,2020-04-17 12:00:02.4550000 +00:00
83,2020-04-20,2020-04-20 12:00:06.0410000 +00:00,2020-04-20 12:00:06.0410000 +00:00
84,2020-04-19,2020-04-20 12:00:06.0410000 +00:00,2020-04-20 12:00:06.0410000 +00:00
85,2020-04-18,2020-04-20 12:00:06.0420000 +00:00,2020-04-20 12:00:06.0420000 +00:00
86,2020-04-21,2020-04-21 13:00:05.9750000 +00:00,2020-04-21 13:00:05.9750000 +00:00
87,2020-04-22,2020-04-22 13:00:02.4970000 +00:00,2020-04-22 13:00:02.4970000 +00:00
88,2020-04-23,2020-04-23 13:00:02.7010000 +00:00,2020-04-23 13:00:02.7010000 +00:00
89,2020-05-19,2020-05-19 19:13:33.7380000 +00:00,2020-05-19 19:13:33.7380000 +00:00
90,2020-05-18,2020-05-19 19:13:33.7390000 +00:00,2020-05-19 19:13:33.7390000 +00:00
91,2020-05-17,2020-05-19 19:13:33.7400000 +00:00,2020-05-19 19:13:33.7400000 +00:00
92,2020-05-16,2020-05-19 19:13:33.7400000 +00:00,2020-05-19 19:13:33.7400000 +00:00
93,2020-05-15,2020-05-19 19:13:33.7410000 +00:00,2020-05-19 19:13:33.7410000 +00:00
94,2020-05-14,2020-05-19 19:13:33.7410000 +00:00,2020-05-19 19:13:33.7410000 +00:00
95,2020-05-13,2020-05-19 19:13:33.7410000 +00:00,2020-05-19 19:13:33.7410000 +00:00
96,2020-05-12,2020-05-19 19:13:33.7420000 +00:00,2020-05-19 19:13:33.7420000 +00:00
97,2020-05-11,2020-05-19 19:13:33.7420000 +00:00,2020-05-19 19:13:33.7420000 +00:00
98,2020-05-10,2020-05-19 19:13:33.7430000 +00:00,2020-05-19 19:13:33.7430000 +00:00
99,2020-05-09,2020-05-19 19:13:33.7430000 +00:00,2020-05-19 19:13:33.7430000 +00:00
100,2020-05-08,2020-05-19 19:13:33.7430000 +00:00,2020-05-19 19:13:33.7430000 +00:00
101,2020-05-07,2020-05-19 19:13:33.7430000 +00:00,2020-05-19 19:13:33.7430000 +00:00
102,2020-05-06,2020-05-19 19:13:33.7440000 +00:00,2020-05-19 19:13:33.7440000 +00:00
103,2020-05-05,2020-05-19 19:13:33.7440000 +00:00,2020-05-19 19:13:33.7440000 +00:00
104,2020-05-04,2020-05-19 19:13:33.7440000 +00:00,2020-05-19 19:13:33.7440000 +00:00
105,2020-05-03,2020-05-19 19:13:33.7450000 +00:00,2020-05-19 19:13:33.7450000 +00:00
106,2020-05-02,2020-05-19 19:13:33.7450000 +00:00,2020-05-19 19:13:33.7450000 +00:00
107,2020-05-01,2020-05-19 19:13:33.7450000 +00:00,2020-05-19 19:13:33.7450000 +00:00
108,2020-04-30,2020-05-19 19:13:33.7450000 +00:00,2020-05-19 19:13:33.7450000 +00:00
109,2020-04-29,2020-05-19 19:13:33.7450000 +00:00,2020-05-19 19:13:33.7450000 +00:00
110,2020-04-28,2020-05-19 19:13:33.7460000 +00:00,2020-05-19 19:13:33.7460000 +00:00
111,2020-04-27,2020-05-19 19:13:33.7460000 +00:00,2020-05-19 19:13:33.7460000 +00:00
112,2020-04-26,2020-05-19 19:13:33.7460000 +00:00,2020-05-19 19:13:33.7460000 +00:00
113,2020-04-25,2020-05-19 19:13:33.7460000 +00:00,2020-05-19 19:13:33.7460000 +00:00
114,2020-04-24,2020-05-19 19:13:33.7470000 +00:00,2020-05-19 19:13:33.7470000 +00:00
115,2020-05-20,2020-05-20 12:00:02.8080000 +00:00,2020-05-20 12:00:02.8080000 +00:00
116,2020-05-21,2020-05-21 13:00:02.6430000 +00:00,2020-05-21 13:00:02.6430000 +00:00
117,2020-05-22,2020-05-22 12:00:03.1250000 +00:00,2020-05-22 12:00:03.1250000 +00:00
118,2020-05-26,2020-05-26 13:00:06.4560000 +00:00,2020-05-26 13:00:06.4560000 +00:00
119,2020-05-25,2020-05-26 13:00:06.4560000 +00:00,2020-05-26 13:00:06.4560000 +00:00
120,2020-05-24,2020-05-26 13:00:06.4570000 +00:00,2020-05-26 13:00:06.4570000 +00:00
121,2020-05-23,2020-05-26 13:00:06.4570000 +00:00,2020-05-26 13:00:06.4570000 +00:00
122,2020-05-27,2020-05-27 13:00:02.7910000 +00:00,2020-05-27 13:00:02.7910000 +00:00
123,2020-05-28,2020-05-28 13:00:06.3890000 +00:00,2020-05-28 13:00:06.3890000 +00:00
124,2020-05-29,2020-05-29 13:00:02.9460000 +00:00,2020-05-29 13:00:02.9460000 +00:00
125,2020-06-01,2020-06-01 13:00:05.3140000 +00:00,2020-06-01 13:00:05.3140000 +00:00
126,2020-05-31,2020-06-01 13:00:05.3160000 +00:00,2020-06-01 13:00:05.3160000 +00:00
127,2020-05-30,2020-06-01 13:00:05.3160000 +00:00,2020-06-01 13:00:05.3160000 +00:00
128,2020-06-02,2020-06-02 13:00:04.3160000 +00:00,2020-06-02 13:00:04.3160000 +00:00
129,2020-06-03,2020-06-03 13:00:02.8290000 +00:00,2020-06-03 13:00:02.8290000 +00:00
130,2020-06-04,2020-06-04 14:00:03.1110000 +00:00,2020-06-04 14:00:03.1110000 +00:00
131,2020-06-05,2020-06-05 13:00:02.6570000 +00:00,2020-06-05 13:00:02.6570000 +00:00
132,2020-06-08,2020-06-08 14:00:05.1540000 +00:00,2020-06-08 14:00:05.1540000 +00:00
133,2020-06-07,2020-06-08 14:00:05.1550000 +00:00,2020-06-08 14:00:05.1550000 +00:00
134,2020-06-06,2020-06-08 14:00:05.1560000 +00:00,2020-06-08 14:00:05.1560000 +00:00
135,2020-06-09,2020-06-09 12:00:07.5800000 +00:00,2020-06-09 12:00:07.5800000 +00:00
136,2020-06-10,2020-06-10 14:00:03.0060000 +00:00,2020-06-10 14:00:03.0060000 +00:00
137,2020-06-11,2020-06-11 13:00:03.2840000 +00:00,2020-06-11 13:00:03.2840000 +00:00
138,2020-06-12,2020-06-12 14:00:02.4000000 +00:00,2020-06-12 14:00:02.4000000 +00:00
139,2020-06-15,2020-06-15 13:00:12.4020000 +00:00,2020-06-15 13:00:12.4020000 +00:00
140,2020-06-14,2020-06-15 13:00:12.4050000 +00:00,2020-06-15 13:00:12.4050000 +00:00
141,2020-06-13,2020-06-15 13:00:12.4050000 +00:00,2020-06-15 13:00:12.4050000 +00:00
142,2020-06-16,2020-06-16 13:00:07.3160000 +00:00,2020-06-16 13:00:07.3160000 +00:00
143,2020-06-17,2020-06-17 12:00:02.5580000 +00:00,2020-06-17 12:00:02.5580000 +00:00
144,2020-06-18,2020-06-18 12:00:06.7920000 +00:00,2020-06-18 12:00:06.7920000 +00:00
145,2020-06-19,2020-06-19 13:00:02.1370000 +00:00,2020-06-19 13:00:02.1370000 +00:00
146,2020-06-22,2020-06-22 13:00:05.8190000 +00:00,2020-06-22 13:00:05.8190000 +00:00
147,2020-06-21,2020-06-22 13:00:05.8200000 +00:00,2020-06-22 13:00:05.8200000 +00:00
148,2020-06-20,2020-06-22 13:00:05.8200000 +00:00,2020-06-22 13:00:05.8200000 +00:00
149,2020-06-23,2020-06-23 13:00:07.4880000 +00:00,2020-06-23 13:00:07.4880000 +00:00
150,2020-06-24,2020-06-24 13:00:02.3770000 +00:00,2020-06-24 13:00:02.3770000 +00:00
151,2020-06-25,2020-06-25 13:00:02.2730000 +00:00,2020-06-25 13:00:02.2730000 +00:00
152,2020-06-26,2020-06-26 13:00:02.3270000 +00:00,2020-06-26 13:00:02.3270000 +00:00
153,2020-06-29,2020-06-29 14:00:10.2260000 +00:00,2020-06-29 14:00:10.2260000 +00:00
154,2020-06-28,2020-06-29 14:00:10.2270000 +00:00,2020-06-29 14:00:10.2270000 +00:00
155,2020-06-27,2020-06-29 14:00:10.2280000 +00:00,2020-06-29 14:00:10.2280000 +00:00
156,2020-06-30,2020-06-30 13:00:03.1020000 +00:00,2020-06-30 13:00:03.1020000 +00:00
157,2020-07-01,2020-07-01 13:00:02.4960000 +00:00,2020-07-01 13:00:02.4960000 +00:00
158,2020-07-02,2020-07-02 13:00:01.9880000 +00:00,2020-07-02 13:00:01.9880000 +00:00
159,2020-07-06,2020-07-06 13:00:06.3390000 +00:00,2020-07-06 13:00:06.3390000 +00:00
160,2020-07-05,2020-07-06 13:00:06.3400000 +00:00,2020-07-06 13:00:06.3400000 +00:00
161,2020-07-04,2020-07-06 13:00:06.3400000 +00:00,2020-07-06 13:00:06.3400000 +00:00
162,2020-07-03,2020-07-06 13:00:06.3410000 +00:00,2020-07-06 13:00:06.3410000 +00:00
163,2020-07-07,2020-07-07 13:00:02.5400000 +00:00,2020-07-07 13:00:02.5400000 +00:00
164,2020-07-08,2020-07-08 13:00:02.3540000 +00:00,2020-07-08 13:00:02.3540000 +00:00
165,2020-07-09,2020-07-09 13:00:02.3060000 +00:00,2020-07-09 13:00:02.3060000 +00:00
166,2020-07-10,2020-07-10 13:00:02.4120000 +00:00,2020-07-10 13:00:02.4120000 +00:00
167,2020-07-13,2020-07-13 13:00:05.9110000 +00:00,2020-07-13 13:00:05.9110000 +00:00
168,2020-07-12,2020-07-13 13:00:05.9130000 +00:00,2020-07-13 13:00:05.9130000 +00:00
169,2020-07-11,2020-07-13 13:00:05.9130000 +00:00,2020-07-13 13:00:05.9130000 +00:00
170,2020-07-14,2020-07-14 13:00:02.7730000 +00:00,2020-07-14 13:00:02.7730000 +00:00
171,2020-07-15,2020-07-15 13:00:22.5590000 +00:00,2020-07-15 13:00:22.5590000 +00:00
172,2020-07-16,2020-07-16 13:00:06.2190000 +00:00,2020-07-16 13:00:06.2190000 +00:00
173,2020-07-17,2020-07-17 13:00:03.1920000 +00:00,2020-07-17 13:00:03.1920000 +00:00
174,2020-07-28,2020-07-28 15:48:52.4490000 +00:00,2020-07-28 15:48:52.4490000 +00:00
175,2020-07-27,2020-07-28 15:48:52.4500000 +00:00,2020-07-28 15:48:52.4500000 +00:00
176,2020-07-26,2020-07-28 15:48:52.4500000 +00:00,2020-07-28 15:48:52.4500000 +00:00
177,2020-07-25,2020-07-28 15:48:52.4510000 +00:00,2020-07-28 15:48:52.4510000 +00:00
178,2020-07-24,2020-07-28 15:48:52.4510000 +00:00,2020-07-28 15:48:52.4510000 +00:00
179,2020-07-23,2020-07-28 15:48:52.4510000 +00:00,2020-07-28 15:48:52.4510000 +00:00
180,2020-07-22,2020-07-28 15:48:52.4520000 +00:00,2020-07-28 15:48:52.4520000 +00:00
181,2020-07-21,2020-07-28 15:48:52.4520000 +00:00,2020-07-28 15:48:52.4520000 +00:00
182,2020-07-20,2020-07-28 15:48:52.4520000 +00:00,2020-07-28 15:48:52.4520000 +00:00
183,2020-07-19,2020-07-28 15:48:52.4530000 +00:00,2020-07-28 15:48:52.4530000 +00:00
184,2020-07-18,2020-07-28 15:48:52.4530000 +00:00,2020-07-28 15:48:52.4530000 +00:00
185,2020-07-29,2020-07-29 13:00:02.6140000 +00:00,2020-07-29 13:00:02.6140000 +00:00
186,2020-07-30,2020-07-30 13:00:03.6290000 +00:00,2020-07-30 13:00:03.6290000 +00:00
187,2020-07-31,2020-07-31 13:00:02.9730000 +00:00,2020-07-31 13:00:02.9730000 +00:00
188,2020-08-03,2020-08-03 13:00:06.3950000 +00:00,2020-08-03 13:00:06.3950000 +00:00
189,2020-08-02,2020-08-03 13:00:06.3960000 +00:00,2020-08-03 13:00:06.3960000 +00:00
190,2020-08-01,2020-08-03 13:00:06.3960000 +00:00,2020-08-03 13:00:06.3960000 +00:00
191,2020-08-04,2020-08-04 13:00:04.3140000 +00:00,2020-08-04 13:00:04.3140000 +00:00
192,2020-08-05,2020-08-05 13:00:02.5350000 +00:00,2020-08-05 13:00:02.5350000 +00:00
193,2020-08-06,2020-08-06 13:00:17.7680000 +00:00,2020-08-06 13:00:17.7680000 +00:00
194,2020-08-07,2020-08-07 13:00:06.9410000 +00:00,2020-08-07 13:00:06.9410000 +00:00
195,2020-08-10,2020-08-10 13:00:06.3680000 +00:00,2020-08-10 13:00:06.3680000 +00:00
196,2020-08-09,2020-08-10 13:00:06.3720000 +00:00,2020-08-10 13:00:06.3720000 +00:00
197,2020-08-08,2020-08-10 13:00:06.3730000 +00:00,2020-08-10 13:00:06.3730000 +00:00
198,2020-08-11,2020-08-11 13:00:03.3670000 +00:00,2020-08-11 13:00:03.3670000 +00:00
199,2020-08-12,2020-08-12 11:00:02.6390000 +00:00,2020-08-12 11:00:02.6390000 +00:00
200,2020-08-13,2020-08-13 11:00:02.5370000 +00:00,2020-08-13 11:00:02.5370000 +00:00
201,2020-08-14,2020-08-14 12:00:06.0660000 +00:00,2020-08-14 12:00:06.0660000 +00:00
202,2020-08-17,2020-08-17 14:00:06.0830000 +00:00,2020-08-17 14:00:06.0830000 +00:00
203,2020-08-16,2020-08-17 14:00:06.0850000 +00:00,2020-08-17 14:00:06.0850000 +00:00
204,2020-08-15,2020-08-17 14:00:06.0850000 +00:00,2020-08-17 14:00:06.0850000 +00:00
205,2020-08-28,2020-08-28 17:11:51.1340000 +00:00,2020-08-28 17:11:51.1340000 +00:00
206,2020-08-27,2020-08-28 17:11:51.1340000 +00:00,2020-08-28 17:11:51.1340000 +00:00
207,2020-08-26,2020-08-28 17:11:51.1350000 +00:00,2020-08-28 17:11:51.1350000 +00:00
208,2020-08-25,2020-08-28 17:11:51.1350000 +00:00,2020-08-28 17:11:51.1350000 +00:00
209,2020-08-24,2020-08-28 17:11:51.1360000 +00:00,2020-08-28 17:11:51.1360000 +00:00
210,2020-08-23,2020-08-28 17:11:51.1360000 +00:00,2020-08-28 17:11:51.1360000 +00:00
211,2020-08-22,2020-08-28 17:11:51.1360000 +00:00,2020-08-28 17:11:51.1360000 +00:00
212,2020-08-21,2020-08-28 17:11:51.1360000 +00:00,2020-08-28 17:11:51.1360000 +00:00
213,2020-08-20,2020-08-28 17:11:51.1370000 +00:00,2020-08-28 17:11:51.1370000 +00:00
214,2020-08-19,2020-08-28 17:11:51.1370000 +00:00,2020-08-28 17:11:51.1370000 +00:00
215,2020-08-18,2020-08-28 17:11:51.1370000 +00:00,2020-08-28 17:11:51.1370000 +00:00
216,2020-08-31,2020-08-31 13:00:04.6920000 +00:00,2020-08-31 13:00:04.6920000 +00:00
217,2020-08-30,2020-08-31 13:00:04.6920000 +00:00,2020-08-31 13:00:04.6920000 +00:00
218,2020-08-29,2020-08-31 13:00:04.6930000 +00:00,2020-08-31 13:00:04.6930000 +00:00
219,2020-09-01,2020-09-01 13:00:08.2630000 +00:00,2020-09-01 13:00:08.2630000 +00:00
220,2020-09-02,2020-09-02 13:00:02.2490000 +00:00,2020-09-02 13:00:02.2490000 +00:00
221,2020-09-03,2020-09-03 13:00:02.7860000 +00:00,2020-09-03 13:00:02.7860000 +00:00
222,2020-09-04,2020-09-04 13:00:02.1360000 +00:00,2020-09-04 13:00:02.1360000 +00:00
223,2020-09-08,2020-09-08 13:00:06.9130000 +00:00,2020-09-08 13:00:06.9130000 +00:00
224,2020-09-07,2020-09-08 13:00:06.9140000 +00:00,2020-09-08 13:00:06.9140000 +00:00
225,2020-09-06,2020-09-08 13:00:06.9140000 +00:00,2020-09-08 13:00:06.9140000 +00:00
226,2020-09-05,2020-09-08 13:00:06.9140000 +00:00,2020-09-08 13:00:06.9140000 +00:00
227,2020-09-09,2020-09-09 13:00:03.7510000 +00:00,2020-09-09 13:00:03.7510000 +00:00
228,2020-09-10,2020-09-10 13:00:02.6280000 +00:00,2020-09-10 13:00:02.6280000 +00:00
229,2020-09-11,2020-09-11 13:00:08.8520000 +00:00,2020-09-11 13:00:08.8520000 +00:00
230,2020-09-14,2020-09-14 13:00:04.7020000 +00:00,2020-09-14 13:00:04.7020000 +00:00
231,2020-09-13,2020-09-14 13:00:04.7030000 +00:00,2020-09-14 13:00:04.7030000 +00:00
232,2020-09-12,2020-09-14 13:00:04.7030000 +00:00,2020-09-14 13:00:04.7030000 +00:00
233,2020-09-15,2020-09-15 13:00:07.9780000 +00:00,2020-09-15 13:00:07.9780000 +00:00
234,2020-09-16,2020-09-16 13:00:03.2640000 +00:00,2020-09-16 13:00:03.2640000 +00:00
235,2020-09-17,2020-09-17 12:00:02.3210000 +00:00,2020-09-17 12:00:02.3210000 +00:00
236,2020-10-02,2020-10-02 21:24:39.5990000 +00:00,2020-10-02 21:24:39.5990000 +00:00
237,2020-10-01,2020-10-02 21:24:39.6000000 +00:00,2020-10-02 21:24:39.6000000 +00:00
238,2020-09-30,2020-10-02 21:24:39.6000000 +00:00,2020-10-02 21:24:39.6000000 +00:00
239,2020-09-29,2020-10-02 21:24:39.6010000 +00:00,2020-10-02 21:24:39.6010000 +00:00
240,2020-09-28,2020-10-02 21:24:39.6010000 +00:00,2020-10-02 21:24:39.6010000 +00:00
241,2020-09-27,2020-10-02 21:24:39.6010000 +00:00,2020-10-02 21:24:39.6010000 +00:00
242,2020-09-26,2020-10-02 21:24:39.6020000 +00:00,2020-10-02 21:24:39.6020000 +00:00
243,2020-09-25,2020-10-02 21:24:39.6020000 +00:00,2020-10-02 21:24:39.6020000 +00:00
244,2020-09-24,2020-10-02 21:24:39.6020000 +00:00,2020-10-02 21:24:39.6020000 +00:00
245,2020-09-23,2020-10-02 21:24:39.6030000 +00:00,2020-10-02 21:24:39.6030000 +00:00
246,2020-09-22,2020-10-02 21:24:39.6030000 +00:00,2020-10-02 21:24:39.6030000 +00:00
247,2020-09-21,2020-10-02 21:24:39.6030000 +00:00,2020-10-02 21:24:39.6030000 +00:00
248,2020-09-20,2020-10-02 21:24:39.6030000 +00:00,2020-10-02 21:24:39.6030000 +00:00
249,2020-09-19,2020-10-02 21:24:39.6040000 +00:00,2020-10-02 21:24:39.6040000 +00:00
250,2020-09-18,2020-10-02 21:24:39.6040000 +00:00,2020-10-02 21:24:39.6040000 +00:00
251,2020-10-05,2020-10-05 12:00:08.0940000 +00:00,2020-10-05 12:00:08.0940000 +00:00
252,2020-10-04,2020-10-05 12:00:08.0950000 +00:00,2020-10-05 12:00:08.0950000 +00:00
253,2020-10-03,2020-10-05 12:00:08.0950000 +00:00,2020-10-05 12:00:08.0950000 +00:00
254,2020-10-06,2020-10-06 13:00:05.8450000 +00:00,2020-10-06 13:00:05.8450000 +00:00
255,2020-10-07,2020-10-07 13:00:06.0870000 +00:00,2020-10-07 13:00:06.0870000 +00:00
256,2020-10-08,2020-10-08 13:00:07.6360000 +00:00,2020-10-08 13:00:07.6360000 +00:00
257,2020-10-09,2020-10-09 13:00:07.6600000 +00:00,2020-10-09 13:00:07.6600000 +00:00
258,2020-10-12,2020-10-12 13:00:08.3870000 +00:00,2020-10-12 13:00:08.3870000 +00:00
259,2020-10-11,2020-10-12 13:00:08.3880000 +00:00,2020-10-12 13:00:08.3880000 +00:00
260,2020-10-10,2020-10-12 13:00:08.3880000 +00:00,2020-10-12 13:00:08.3880000 +00:00
261,2020-10-13,2020-10-13 13:00:05.6590000 +00:00,2020-10-13 13:00:05.6590000 +00:00
262,2020-10-14,2020-10-14 12:00:06.4220000 +00:00,2020-10-14 12:00:06.4220000 +00:00
263,2020-10-15,2020-10-15 13:00:05.5760000 +00:00,2020-10-15 13:00:05.5760000 +00:00
264,2020-10-16,2020-10-16 13:00:08.2810000 +00:00,2020-10-16 13:00:08.2810000 +00:00
265,2020-10-19,2020-10-19 13:00:09.0620000 +00:00,2020-10-19 13:00:09.0620000 +00:00
266,2020-10-18,2020-10-19 13:00:09.0630000 +00:00,2020-10-19 13:00:09.0630000 +00:00
267,2020-10-17,2020-10-19 13:00:09.0630000 +00:00,2020-10-19 13:00:09.0630000 +00:00
268,2020-10-20,2020-10-20 12:00:05.4650000 +00:00,2020-10-20 12:00:05.4650000 +00:00
269,2020-10-21,2020-10-21 13:00:07.4070000 +00:00,2020-10-21 13:00:07.4070000 +00:00
270,2020-10-22,2020-10-22 13:00:06.9880000 +00:00,2020-10-22 13:00:06.9880000 +00:00
271,2020-10-23,2020-10-23 13:00:06.0850000 +00:00,2020-10-23 13:00:06.0850000 +00:00
272,2020-10-26,2020-10-26 13:00:08.0160000 +00:00,2020-10-26 13:00:08.0160000 +00:00
273,2020-10-25,2020-10-26 13:00:08.0160000 +00:00,2020-10-26 13:00:08.0160000 +00:00
274,2020-10-24,2020-10-26 13:00:08.0170000 +00:00,2020-10-26 13:00:08.0170000 +00:00
275,2020-10-27,2020-10-27 13:00:09.4520000 +00:00,2020-10-27 13:00:09.4520000 +00:00
276,2020-10-28,2020-10-28 13:00:07.1590000 +00:00,2020-10-28 13:00:07.1590000 +00:00
277,2020-10-29,2020-10-29 13:00:08.1830000 +00:00,2020-10-29 13:00:08.1830000 +00:00
278,2020-10-30,2020-10-30 13:00:07.6500000 +00:00,2020-10-30 13:00:07.6500000 +00:00
279,2020-11-01,2020-11-02 04:00:08.6120000 +00:00,2020-11-02 04:00:08.6120000 +00:00
280,2020-10-31,2020-11-02 04:00:08.6130000 +00:00,2020-11-02 04:00:08.6130000 +00:00
281,2020-11-02,2020-11-02 13:00:08.3910000 +00:00,2020-11-02 13:00:08.3910000 +00:00
282,2020-11-03,2020-11-03 14:00:08.9830000 +00:00,2020-11-03 14:00:08.9830000 +00:00
283,2020-11-04,2020-11-04 14:00:06.7360000 +00:00,2020-11-04 14:00:06.7360000 +00:00
284,2020-11-05,2020-11-05 14:00:05.9070000 +00:00,2020-11-05 14:00:05.9070000 +00:00
285,2020-11-06,2020-11-06 14:00:06.1170000 +00:00,2020-11-06 14:00:06.1170000 +00:00
286,2020-11-08,2020-11-09 03:00:06.8540000 +00:00,2020-11-09 03:00:06.8540000 +00:00
287,2020-11-07,2020-11-09 03:00:06.8550000 +00:00,2020-11-09 03:00:06.8550000 +00:00
288,2020-11-09,2020-11-09 14:00:07.1180000 +00:00,2020-11-09 14:00:07.1180000 +00:00
289,2020-11-10,2020-11-10 15:00:06.2840000 +00:00,2020-11-10 15:00:06.2840000 +00:00
290,2020-11-12,2020-11-12 14:00:08.0100000 +00:00,2020-11-12 14:00:08.0100000 +00:00
291,2020-11-11,2020-11-12 14:00:08.0110000 +00:00,2020-11-12 14:00:08.0110000 +00:00
292,2020-11-13,2020-11-13 14:00:06.1370000 +00:00,2020-11-13 14:00:06.1370000 +00:00
293,2020-12-10,2020-12-10 16:20:42.8980000 +00:00,2020-12-10 16:20:42.8980000 +00:00
294,2020-12-09,2020-12-10 16:20:42.9000000 +00:00,2020-12-10 16:20:42.9000000 +00:00
295,2020-12-08,2020-12-10 16:20:42.9000000 +00:00,2020-12-10 16:20:42.9000000 +00:00
296,2020-12-07,2020-12-10 16:20:42.9010000 +00:00,2020-12-10 16:20:42.9010000 +00:00
297,2020-12-06,2020-12-10 16:20:42.9010000 +00:00,2020-12-10 16:20:42.9010000 +00:00
298,2020-12-05,2020-12-10 16:20:42.9010000 +00:00,2020-12-10 16:20:42.9010000 +00:00
299,2020-12-04,2020-12-10 16:20:42.9020000 +00:00,2020-12-10 16:20:42.9020000 +00:00
300,2020-12-03,2020-12-10 16:20:42.9020000 +00:00,2020-12-10 16:20:42.9020000 +00:00
301,2020-12-02,2020-12-10 16:20:42.9020000 +00:00,2020-12-10 16:20:42.9020000 +00:00
302,2020-12-01,2020-12-10 16:20:42.9020000 +00:00,2020-12-10 16:20:42.9020000 +00:00
303,2020-11-30,2020-12-10 16:20:42.9030000 +00:00,2020-12-10 16:20:42.9030000 +00:00
304,2020-11-29,2020-12-10 16:20:42.9030000 +00:00,2020-12-10 16:20:42.9030000 +00:00
305,2020-11-28,2020-12-10 16:20:42.9030000 +00:00,2020-12-10 16:20:42.9030000 +00:00
306,2020-11-27,2020-12-10 16:20:42.9030000 +00:00,2020-12-10 16:20:42.9030000 +00:00
307,2020-11-26,2020-12-10 16:20:42.9040000 +00:00,2020-12-10 16:20:42.9040000 +00:00
308,2020-11-25,2020-12-10 16:20:42.9040000 +00:00,2020-12-10 16:20:42.9040000 +00:00
309,2020-11-24,2020-12-10 16:20:42.9040000 +00:00,2020-12-10 16:20:42.9040000 +00:00
310,2020-11-23,2020-12-10 16:20:42.9040000 +00:00,2020-12-10 16:20:42.9040000 +00:00
311,2020-11-22,2020-12-10 16:20:42.9040000 +00:00,2020-12-10 16:20:42.9040000 +00:00
312,2020-11-21,2020-12-10 16:20:42.9050000 +00:00,2020-12-10 16:20:42.9050000 +00:00
313,2020-11-20,2020-12-10 16:20:42.9050000 +00:00,2020-12-10 16:20:42.9050000 +00:00
314,2020-11-19,2020-12-10 16:20:42.9070000 +00:00,2020-12-10 16:20:42.9070000 +00:00
315,2020-11-18,2020-12-10 16:20:42.9080000 +00:00,2020-12-10 16:20:42.9080000 +00:00
316,2020-11-17,2020-12-10 16:20:42.9080000 +00:00,2020-12-10 16:20:42.9080000 +00:00
317,2020-11-16,2020-12-10 16:20:42.9080000 +00:00,2020-12-10 16:20:42.9080000 +00:00
318,2020-11-15,2020-12-10 16:20:42.9090000 +00:00,2020-12-10 16:20:42.9090000 +00:00
319,2020-11-14,2020-12-10 16:20:42.9090000 +00:00,2020-12-10 16:20:42.9090000 +00:00
320,2020-12-11,2020-12-11 13:00:08.0420000 +00:00,2020-12-11 13:00:08.0420000 +00:00
321,2020-12-14,2020-12-14 16:00:11.5590000 +00:00,2020-12-14 16:00:11.5590000 +00:00
322,2020-12-13,2020-12-14 16:00:11.5600000 +00:00,2020-12-14 16:00:11.5600000 +00:00
323,2020-12-12,2020-12-14 16:00:11.5600000 +00:00,2020-12-14 16:00:11.5600000 +00:00
324,2020-12-15,2020-12-15 14:00:05.9490000 +00:00,2020-12-15 14:00:05.9490000 +00:00
325,2020-12-16,2020-12-16 14:00:06.6400000 +00:00,2020-12-16 14:00:06.6400000 +00:00
326,2020-12-17,2020-12-17 14:00:05.7510000 +00:00,2020-12-17 14:00:05.7510000 +00:00
327,2020-12-18,2020-12-18 14:00:06.3380000 +00:00,2020-12-18 14:00:06.3380000 +00:00
328,2020-12-20,2020-12-21 03:00:08.1060000 +00:00,2020-12-21 03:00:08.1060000 +00:00
329,2020-12-19,2020-12-21 03:00:08.1070000 +00:00,2020-12-21 03:00:08.1070000 +00:00
330,2020-12-21,2020-12-21 14:00:07.1870000 +00:00,2020-12-21 14:00:07.1870000 +00:00
331,2020-12-22,2020-12-22 14:00:06.4910000 +00:00,2020-12-22 14:00:06.4910000 +00:00
332,2020-12-23,2020-12-23 13:00:06.7550000 +00:00,2020-12-23 13:00:06.7550000 +00:00
333,2020-12-27,2020-12-28 03:00:09.8370000 +00:00,2020-12-28 03:00:09.8370000 +00:00
334,2020-12-26,2020-12-28 03:00:09.8380000 +00:00,2020-12-28 03:00:09.8380000 +00:00
335,2020-12-25,2020-12-28 03:00:09.8380000 +00:00,2020-12-28 03:00:09.8380000 +00:00
336,2020-12-24,2020-12-28 03:00:09.8380000 +00:00,2020-12-28 03:00:09.8380000 +00:00
337,2020-12-28,2020-12-28 14:00:08.0160000 +00:00,2020-12-28 14:00:08.0160000 +00:00
338,2020-12-29,2020-12-29 14:00:06.5760000 +00:00,2020-12-29 14:00:06.5760000 +00:00
339,2020-12-31,2020-12-31 14:00:09.5910000 +00:00,2020-12-31 14:00:09.5910000 +00:00
340,2020-12-30,2020-12-31 14:00:09.5920000 +00:00,2020-12-31 14:00:09.5920000 +00:00
341,2021-01-03,2021-01-04 02:00:11.5910000 +00:00,2021-01-04 02:00:11.5910000 +00:00
342,2021-01-02,2021-01-04 02:00:11.5930000 +00:00,2021-01-04 02:00:11.5930000 +00:00
343,2021-01-01,2021-01-04 02:00:11.5930000 +00:00,2021-01-04 02:00:11.5930000 +00:00
344,2021-01-04,2021-01-04 14:00:05.8830000 +00:00,2021-01-04 14:00:05.8830000 +00:00
345,2021-01-05,2021-01-05 14:00:06.8430000 +00:00,2021-01-05 14:00:06.8430000 +00:00
346,2021-01-06,2021-01-06 14:00:07.2690000 +00:00,2021-01-06 14:00:07.2690000 +00:00
347,2020-01-07,2021-01-07 14:00:07.2900000 +00:00,2021-01-07 14:00:07.2900000 +00:00
348,2021-01-08,2021-01-08 14:00:08.5730000 +00:00,2021-01-08 14:00:08.5730000 +00:00
349,2021-02-03,2021-02-04 15:59:27.0690000 +00:00,2021-02-04 15:59:27.0690000 +00:00
350,2021-02-02,2021-02-04 15:59:27.0700000 +00:00,2021-02-04 15:59:27.0700000 +00:00
351,2021-02-01,2021-02-04 15:59:27.0710000 +00:00,2021-02-04 15:59:27.0710000 +00:00
352,2021-01-31,2021-02-04 15:59:27.0710000 +00:00,2021-02-04 15:59:27.0710000 +00:00
353,2021-01-30,2021-02-04 15:59:27.0710000 +00:00,2021-02-04 15:59:27.0710000 +00:00
354,2021-01-29,2021-02-04 15:59:27.0720000 +00:00,2021-02-04 15:59:27.0720000 +00:00
355,2021-01-28,2021-02-04 15:59:27.0720000 +00:00,2021-02-04 15:59:27.0720000 +00:00
356,2021-01-27,2021-02-04 15:59:27.0720000 +00:00,2021-02-04 15:59:27.0720000 +00:00
357,2021-01-26,2021-02-04 15:59:27.0730000 +00:00,2021-02-04 15:59:27.0730000 +00:00
358,2021-01-25,2021-02-04 15:59:27.0730000 +00:00,2021-02-04 15:59:27.0730000 +00:00
359,2021-01-24,2021-02-04 15:59:27.0730000 +00:00,2021-02-04 15:59:27.0730000 +00:00
360,2021-01-23,2021-02-04 15:59:27.0730000 +00:00,2021-02-04 15:59:27.0730000 +00:00
361,2021-01-22,2021-02-04 15:59:27.0740000 +00:00,2021-02-04 15:59:27.0740000 +00:00
362,2021-01-21,2021-02-04 15:59:27.0740000 +00:00,2021-02-04 15:59:27.0740000 +00:00
363,2021-01-20,2021-02-04 15:59:27.0740000 +00:00,2021-02-04 15:59:27.0740000 +00:00
364,2021-01-19,2021-02-04 15:59:27.0740000 +00:00,2021-02-04 15:59:27.0740000 +00:00
365,2021-01-18,2021-02-04 15:59:27.0740000 +00:00,2021-02-04 15:59:27.0740000 +00:00
366,2021-01-17,2021-02-04 15:59:27.0750000 +00:00,2021-02-04 15:59:27.0750000 +00:00
367,2021-01-16,2021-02-04 15:59:27.0750000 +00:00,2021-02-04 15:59:27.0750000 +00:00
368,2021-01-15,2021-02-04 15:59:27.0750000 +00:00,2021-02-04 15:59:27.0750000 +00:00
369,2021-01-14,2021-02-04 15:59:27.0750000 +00:00,2021-02-04 15:59:27.0750000 +00:00
370,2021-01-13,2021-02-04 15:59:27.0750000 +00:00,2021-02-04 15:59:27.0750000 +00:00
371,2021-01-12,2021-02-04 15:59:27.0760000 +00:00,2021-02-04 15:59:27.0760000 +00:00
372,2021-01-11,2021-02-04 15:59:27.0760000 +00:00,2021-02-04 15:59:27.0760000 +00:00
373,2021-01-10,2021-02-04 15:59:27.0760000 +00:00,2021-02-04 15:59:27.0760000 +00:00
374,2021-01-09,2021-02-04 15:59:27.0760000 +00:00,2021-02-04 15:59:27.0760000 +00:00
375,2021-01-07,2021-02-04 15:59:27.0760000 +00:00,2021-02-04 15:59:27.0760000 +00:00
376,2021-02-05,2021-02-05 13:00:10.1040000 +00:00,2021-02-05 13:00:10.1040000 +00:00
377,2021-02-04,2021-02-05 13:00:10.1050000 +00:00,2021-02-05 13:00:10.1050000 +00:00
378,2021-02-08,2021-02-08 14:00:09.1700000 +00:00,2021-02-08 14:00:09.1700000 +00:00
379,2021-02-07,2021-02-08 14:00:09.1710000 +00:00,2021-02-08 14:00:09.1710000 +00:00
380,2021-02-06,2021-02-08 14:00:09.1710000 +00:00,2021-02-08 14:00:09.1710000 +00:00
381,2021-02-09,2021-02-09 14:00:07.6960000 +00:00,2021-02-09 14:00:07.6960000 +00:00
382,2021-02-10,2021-02-10 14:00:06.4730000 +00:00,2021-02-10 14:00:06.4730000 +00:00
383,2021-02-11,2021-02-11 13:00:06.5330000 +00:00,2021-02-11 13:00:06.5330000 +00:00
384,2021-02-12,2021-02-12 14:00:06.6480000 +00:00,2021-02-12 14:00:06.6480000 +00:00
385,2021-02-15,2021-02-15 13:00:09.6890000 +00:00,2021-02-15 13:00:09.6890000 +00:00
386,2021-02-14,2021-02-15 13:00:09.6900000 +00:00,2021-02-15 13:00:09.6900000 +00:00
387,2021-02-13,2021-02-15 13:00:09.6900000 +00:00,2021-02-15 13:00:09.6900000 +00:00
388,2021-02-16,2021-02-16 14:00:05.6270000 +00:00,2021-02-16 14:00:05.6270000 +00:00
389,2021-02-17,2021-02-17 14:00:12.3280000 +00:00,2021-02-17 14:00:12.3280000 +00:00
390,2021-02-18,2021-02-18 14:00:06.4820000 +00:00,2021-02-18 14:00:06.4820000 +00:00
391,2021-02-19,2021-02-19 14:00:05.0520000 +00:00,2021-02-19 14:00:05.0520000 +00:00
392,2021-02-22,2021-02-22 14:00:08.3230000 +00:00,2021-02-22 14:00:08.3230000 +00:00
393,2021-02-21,2021-02-22 14:00:08.3230000 +00:00,2021-02-22 14:00:08.3230000 +00:00
394,2021-02-20,2021-02-22 14:00:08.3250000 +00:00,2021-02-22 14:00:08.3250000 +00:00
395,2021-02-23,2021-02-23 14:00:06.7810000 +00:00,2021-02-23 14:00:06.7810000 +00:00
396,2021-02-24,2021-02-24 14:00:05.8760000 +00:00,2021-02-24 14:00:05.8760000 +00:00
397,2021-02-25,2021-02-25 14:00:06.7590000 +00:00,2021-02-25 14:00:06.7590000 +00:00
398,2021-02-26,2021-02-26 13:00:07.3510000 +00:00,2021-02-26 13:00:07.3510000 +00:00
399,2021-03-01,2021-03-01 14:00:08.6900000 +00:00,2021-03-01 14:00:08.6900000 +00:00
400,2021-02-28,2021-03-01 14:00:08.6910000 +00:00,2021-03-01 14:00:08.6910000 +00:00
401,2021-02-27,2021-03-01 14:00:08.6910000 +00:00,2021-03-01 14:00:08.6910000 +00:00
402,2021-03-02,2021-03-02 13:00:06.4500000 +00:00,2021-03-02 13:00:06.4500000 +00:00
403,2021-03-03,2021-03-03 14:00:08.7650000 +00:00,2021-03-03 14:00:08.7650000 +00:00
404,2021-03-04,2021-03-04 14:00:06.0790000 +00:00,2021-03-04 14:00:06.0790000 +00:00
405,2021-03-05,2021-03-05 14:00:06.1380000 +00:00,2021-03-05 14:00:06.1380000 +00:00
406,2021-03-08,2021-03-08 14:00:08.9150000 +00:00,2021-03-08 14:00:08.9150000 +00:00
407,2021-03-07,2021-03-08 14:00:08.9170000 +00:00,2021-03-08 14:00:08.9170000 +00:00
408,2021-03-06,2021-03-08 14:00:08.9170000 +00:00,2021-03-08 14:00:08.9170000 +00:00
409,2021-03-09,2021-03-09 14:00:06.8200000 +00:00,2021-03-09 14:00:06.8200000 +00:00
410,2021-03-10,2021-03-10 14:00:06.0670000 +00:00,2021-03-10 14:00:06.0670000 +00:00
411,2021-03-11,2021-03-11 14:00:05.4720000 +00:00,2021-03-11 14:00:05.4720000 +00:00
412,2021-03-12,2021-03-12 14:00:05.5920000 +00:00,2021-03-12 14:00:05.5920000 +00:00
413,2021-03-15,2021-03-15 12:00:10.4300000 +00:00,2021-03-15 12:00:10.4300000 +00:00
414,2021-03-14,2021-03-15 12:00:10.4310000 +00:00,2021-03-15 12:00:10.4310000 +00:00
415,2021-03-13,2021-03-15 12:00:10.4310000 +00:00,2021-03-15 12:00:10.4310000 +00:00
416,2021-03-16,2021-03-16 13:00:06.5820000 +00:00,2021-03-16 13:00:06.5820000 +00:00
417,2021-03-17,2021-03-17 13:00:06.0690000 +00:00,2021-03-17 13:00:06.0690000 +00:00
418,2021-03-18,2021-03-18 13:00:06.9610000 +00:00,2021-03-18 13:00:06.9610000 +00:00
419,2021-03-19,2021-03-19 13:00:05.3830000 +00:00,2021-03-19 13:00:05.3830000 +00:00
420,2021-03-22,2021-03-22 13:00:08.7760000 +00:00,2021-03-22 13:00:08.7760000 +00:00
421,2021-03-21,2021-03-22 13:00:08.7760000 +00:00,2021-03-22 13:00:08.7760000 +00:00
422,2021-03-20,2021-03-22 13:00:08.7770000 +00:00,2021-03-22 13:00:08.7770000 +00:00
423,2021-03-23,2021-03-23 13:00:05.9310000 +00:00,2021-03-23 13:00:05.9310000 +00:00
424,2021-03-24,2021-03-24 13:00:06.3720000 +00:00,2021-03-24 13:00:06.3720000 +00:00
425,2021-03-25,2021-03-25 13:00:06.6700000 +00:00,2021-03-25 13:00:06.6700000 +00:00
426,2021-03-26,2021-03-26 13:00:06.9130000 +00:00,2021-03-26 13:00:06.9130000 +00:00
427,2021-03-29,2021-03-29 13:00:08.1680000 +00:00,2021-03-29 13:00:08.1680000 +00:00
428,2021-03-28,2021-03-29 13:00:08.1680000 +00:00,2021-03-29 13:00:08.1680000 +00:00
429,2021-03-27,2021-03-29 13:00:08.1690000 +00:00,2021-03-29 13:00:08.1690000 +00:00
430,2021-03-30,2021-03-30 13:00:05.7090000 +00:00,2021-03-30 13:00:05.7090000 +00:00
431,2021-03-31,2021-03-31 13:00:05.6820000 +00:00,2021-03-31 13:00:05.6820000 +00:00
432,2021-04-01,2021-04-01 13:00:07.3090000 +00:00,2021-04-01 13:00:07.3090000 +00:00
433,2021-04-02,2021-04-02 12:00:08.5490000 +00:00,2021-04-02 12:00:08.5490000 +00:00
434,2021-04-05,2021-04-05 13:00:08.5100000 +00:00,2021-04-05 13:00:08.5100000 +00:00
435,2021-04-04,2021-04-05 13:00:08.5100000 +00:00,2021-04-05 13:00:08.5100000 +00:00
436,2021-04-03,2021-04-05 13:00:08.5110000 +00:00,2021-04-05 13:00:08.5110000 +00:00
437,2021-04-06,2021-04-06 13:00:07.7010000 +00:00,2021-04-06 13:00:07.7010000 +00:00
438,2021-04-07,2021-04-07 13:00:07.7600000 +00:00,2021-04-07 13:00:07.7600000 +00:00
439,2021-04-08,2021-04-08 13:00:07.1060000 +00:00,2021-04-08 13:00:07.1060000 +00:00
440,2021-04-09,2021-04-09 13:00:07.5460000 +00:00,2021-04-09 13:00:07.5460000 +00:00
441,2021-04-12,2021-04-12 13:00:08.8300000 +00:00,2021-04-12 13:00:08.8300000 +00:00
442,2021-04-11,2021-04-12 13:00:08.8310000 +00:00,2021-04-12 13:00:08.8310000 +00:00
443,2021-04-10,2021-04-12 13:00:08.8310000 +00:00,2021-04-12 13:00:08.8310000 +00:00
444,2021-04-13,2021-04-13 13:00:07.0960000 +00:00,2021-04-13 13:00:07.0960000 +00:00
445,2021-04-14,2021-04-14 13:00:06.5090000 +00:00,2021-04-14 13:00:06.5090000 +00:00
446,2021-04-15,2021-04-15 13:00:11.6760000 +00:00,2021-04-15 13:00:11.6760000 +00:00
447,2021-04-16,2021-04-16 13:00:19.3610000 +00:00,2021-04-16 13:00:19.3610000 +00:00
448,2021-04-19,2021-04-19 13:00:10.1750000 +00:00,2021-04-19 13:00:10.1750000 +00:00
449,2021-04-18,2021-04-19 13:00:10.1750000 +00:00,2021-04-19 13:00:10.1750000 +00:00
450,2021-04-17,2021-04-19 13:00:10.1760000 +00:00,2021-04-19 13:00:10.1760000 +00:00
451,2021-04-20,2021-04-20 13:00:07.7970000 +00:00,2021-04-20 13:00:07.7970000 +00:00
452,2021-04-21,2021-04-21 12:00:06.9650000 +00:00,2021-04-21 12:00:06.9650000 +00:00
453,2021-04-22,2021-04-22 13:00:08.2360000 +00:00,2021-04-22 13:00:08.2360000 +00:00
454,2021-04-23,2021-04-23 13:00:07.3250000 +00:00,2021-04-23 13:00:07.3250000 +00:00
455,2021-04-26,2021-04-26 13:00:08.1800000 +00:00,2021-04-26 13:00:08.1800000 +00:00
456,2021-04-25,2021-04-26 13:00:08.1800000 +00:00,2021-04-26 13:00:08.1800000 +00:00
457,2021-04-24,2021-04-26 13:00:08.1810000 +00:00,2021-04-26 13:00:08.1810000 +00:00
458,2021-04-27,2021-04-27 13:00:05.2420000 +00:00,2021-04-27 13:00:05.2420000 +00:00
459,2021-04-28,2021-04-28 13:00:05.9180000 +00:00,2021-04-28 13:00:05.9180000 +00:00
460,2021-04-29,2021-04-29 13:00:06.7450000 +00:00,2021-04-29 13:00:06.7450000 +00:00
461,2021-04-30,2021-04-30 13:00:05.4530000 +00:00,2021-04-30 13:00:05.4530000 +00:00
462,2021-05-03,2021-05-03 13:00:08.3980000 +00:00,2021-05-03 13:00:08.3980000 +00:00
463,2021-05-02,2021-05-03 13:00:08.3990000 +00:00,2021-05-03 13:00:08.3990000 +00:00
464,2021-05-01,2021-05-03 13:00:08.3990000 +00:00,2021-05-03 13:00:08.3990000 +00:00
465,2021-05-04,2021-05-04 13:00:05.2540000 +00:00,2021-05-04 13:00:05.2540000 +00:00
466,2021-05-05,2021-05-05 13:00:06.0130000 +00:00,2021-05-05 13:00:06.0130000 +00:00
467,2021-05-06,2021-05-06 13:00:06.1840000 +00:00,2021-05-06 13:00:06.1840000 +00:00
468,2021-05-07,2021-05-07 12:00:05.5750000 +00:00,2021-05-07 12:00:05.5750000 +00:00
469,2021-05-10,2021-05-10 13:00:08.5560000 +00:00,2021-05-10 13:00:08.5560000 +00:00
470,2021-05-09,2021-05-10 13:00:08.5570000 +00:00,2021-05-10 13:00:08.5570000 +00:00
471,2021-05-08,2021-05-10 13:00:08.5570000 +00:00,2021-05-10 13:00:08.5570000 +00:00
472,2021-05-11,2021-05-11 13:00:05.6830000 +00:00,2021-05-11 13:00:05.6830000 +00:00
473,2021-05-12,2021-05-12 14:00:05.2100000 +00:00,2021-05-12 14:00:05.2100000 +00:00
474,2021-05-13,2021-05-13 13:00:05.4720000 +00:00,2021-05-13 13:00:05.4720000 +00:00
475,2021-05-14,2021-05-14 13:00:05.4350000 +00:00,2021-05-14 13:00:05.4350000 +00:00
476,2021-05-17,2021-05-17 13:00:08.6020000 +00:00,2021-05-17 13:00:08.6020000 +00:00
477,2021-05-16,2021-05-17 13:00:08.6030000 +00:00,2021-05-17 13:00:08.6030000 +00:00
478,2021-05-15,2021-05-17 13:00:08.6030000 +00:00,2021-05-17 13:00:08.6030000 +00:00
479,2021-05-18,2021-05-18 13:00:04.7240000 +00:00,2021-05-18 13:00:04.7240000 +00:00
480,2021-05-19,2021-05-19 13:00:05.5760000 +00:00,2021-05-19 13:00:05.5760000 +00:00
481,2021-05-20,2021-05-20 13:00:05.4770000 +00:00,2021-05-20 13:00:05.4770000 +00:00
482,2021-05-26,2021-05-26 20:30:45.2980000 +00:00,2021-05-26 20:30:45.2980000 +00:00
483,2021-05-25,2021-05-26 20:30:45.2980000 +00:00,2021-05-26 20:30:45.2980000 +00:00
484,2021-05-24,2021-05-26 20:30:45.2990000 +00:00,2021-05-26 20:30:45.2990000 +00:00
485,2021-05-23,2021-05-26 20:30:45.2990000 +00:00,2021-05-26 20:30:45.2990000 +00:00
486,2021-05-22,2021-05-26 20:30:45.2990000 +00:00,2021-05-26 20:30:45.2990000 +00:00
487,2021-05-21,2021-05-26 20:30:45.2990000 +00:00,2021-05-26 20:30:45.2990000 +00:00
488,2021-06-01,2021-06-01 13:24:50.1580000 +00:00,2021-06-01 13:24:50.1580000 +00:00
489,2021-05-31,2021-06-01 13:24:50.1590000 +00:00,2021-06-01 13:24:50.1590000 +00:00
490,2021-05-30,2021-06-01 13:24:50.1590000 +00:00,2021-06-01 13:24:50.1590000 +00:00
491,2021-05-29,2021-06-01 13:24:50.1590000 +00:00,2021-06-01 13:24:50.1590000 +00:00
492,2021-05-28,2021-06-01 13:24:50.1600000 +00:00,2021-06-01 13:24:50.1600000 +00:00
493,2021-05-27,2021-06-01 13:24:50.1600000 +00:00,2021-06-01 13:24:50.1600000 +00:00
494,2021-06-03,2021-06-03 13:29:57.1740000 +00:00,2021-06-03 13:29:57.1740000 +00:00
495,2021-06-02,2021-06-03 13:29:57.1750000 +00:00,2021-06-03 13:29:57.1750000 +00:00
496,2021-06-07,2021-06-07 14:57:40.3070000 +00:00,2021-06-07 14:57:40.3070000 +00:00
497,2021-06-06,2021-06-07 14:57:40.3070000 +00:00,2021-06-07 14:57:40.3070000 +00:00
498,2021-06-05,2021-06-07 14:57:40.3080000 +00:00,2021-06-07 14:57:40.3080000 +00:00
499,2021-06-04,2021-06-07 14:57:40.3080000 +00:00,2021-06-07 14:57:40.3080000 +00:00
690,2021-06-11,2021-06-11 18:58:32.9970000 +00:00,2021-06-11 18:58:32.9970000 +00:00
691,2021-06-10,2021-06-11 18:58:32.9980000 +00:00,2021-06-11 18:58:32.9980000 +00:00
692,2021-06-09,2021-06-11 18:58:32.9980000 +00:00,2021-06-11 18:58:32.9980000 +00:00
693,2021-06-08,2021-06-11 18:58:32.9980000 +00:00,2021-06-11 18:58:32.9980000 +00:00
862,2021-06-15,2021-06-15 20:35:45.1650000 +00:00,2021-06-15 20:35:45.1650000 +00:00
863,2021-06-14,2021-06-15 20:35:45.1660000 +00:00,2021-06-15 20:35:45.1660000 +00:00
864,2021-06-13,2021-06-15 20:35:45.1660000 +00:00,2021-06-15 20:35:45.1660000 +00:00
865,2021-06-12,2021-06-15 20:35:45.1660000 +00:00,2021-06-15 20:35:45.1660000 +00:00
920,2021-06-17,2021-06-17 19:16:07.3080000 +00:00,2021-06-17 19:16:07.3080000 +00:00
921,2021-06-16,2021-06-17 19:16:07.3090000 +00:00,2021-06-17 19:16:07.3090000 +00:00
1027,2021-06-21,2021-06-21 16:08:28.9610000 +00:00,2021-06-21 16:08:28.9610000 +00:00
1028,2021-06-20,2021-06-21 16:08:28.9620000 +00:00,2021-06-21 16:08:28.9620000 +00:00
1029,2021-06-19,2021-06-21 16:08:28.9620000 +00:00,2021-06-21 16:08:28.9620000 +00:00
1030,2021-06-18,2021-06-21 16:08:28.9620000 +00:00,2021-06-21 16:08:28.9620000 +00:00
1057,2021-06-22,2021-06-22 18:45:07.3860000 +00:00,2021-06-22 18:45:07.3860000 +00:00
1110,2021-06-24,2021-06-24 17:22:46.4980000 +00:00,2021-06-24 17:22:46.4980000 +00:00
1111,2021-06-23,2021-06-24 17:22:46.4990000 +00:00,2021-06-24 17:22:46.4990000 +00:00
1222,2021-06-28,2021-06-28 17:49:34.2060000 +00:00,2021-06-28 17:49:34.2060000 +00:00
1223,2021-06-27,2021-06-28 17:49:34.2060000 +00:00,2021-06-28 17:49:34.2060000 +00:00
1224,2021-06-26,2021-06-28 17:49:34.2060000 +00:00,2021-06-28 17:49:34.2060000 +00:00
1225,2021-06-25,2021-06-28 17:49:34.2060000 +00:00,2021-06-28 17:49:34.2060000 +00:00
1249,2021-06-29,2021-06-29 16:11:28.2900000 +00:00,2021-06-29 16:11:28.2900000 +00:00
1347,2021-07-02,2021-07-02 14:43:36.3370000 +00:00,2021-07-02 14:43:36.3370000 +00:00
1348,2021-07-01,2021-07-02 14:43:36.3370000 +00:00,2021-07-02 14:43:36.3370000 +00:00
1349,2021-06-30,2021-07-02 14:43:36.3370000 +00:00,2021-07-02 14:43:36.3370000 +00:00
1580,2021-07-07,2021-07-07 20:57:01.6890000 +00:00,2021-07-07 20:57:01.6890000 +00:00
1581,2021-07-06,2021-07-07 20:57:01.6900000 +00:00,2021-07-07 20:57:01.6900000 +00:00
1582,2021-07-05,2021-07-07 20:57:01.6900000 +00:00,2021-07-07 20:57:01.6900000 +00:00
1583,2021-07-04,2021-07-07 20:57:01.6900000 +00:00,2021-07-07 20:57:01.6900000 +00:00
1584,2021-07-03,2021-07-07 20:57:01.6900000 +00:00,2021-07-07 20:57:01.6900000 +00:00
1608,2021-07-08,2021-07-08 19:36:02.8840000 +00:00,2021-07-08 19:36:02.8840000 +00:00
1629,2021-07-09,2021-07-09 15:59:59.4640000 +00:00,2021-07-09 15:59:59.4640000 +00:00
1711,2021-07-12,2021-07-12 16:01:51.2070000 +00:00,2021-07-12 16:01:51.2070000 +00:00
1712,2021-07-11,2021-07-12 16:01:51.2070000 +00:00,2021-07-12 16:01:51.2070000 +00:00
1713,2021-07-10,2021-07-12 16:01:51.2070000 +00:00,2021-07-12 16:01:51.2070000 +00:00
1738,2021-07-13,2021-07-13 16:06:12.4800000 +00:00,2021-07-13 16:06:12.4800000 +00:00
1767,2021-07-14,2021-07-14 20:08:08.6850000 +00:00,2021-07-14 20:08:08.6850000 +00:00
1968,2021-07-19,2021-07-19 16:44:49.0070000 +00:00,2021-07-19 16:44:49.0070000 +00:00
1969,2021-07-18,2021-07-19 16:44:49.0070000 +00:00,2021-07-19 16:44:49.0070000 +00:00
1970,2021-07-17,2021-07-19 16:44:49.0080000 +00:00,2021-07-19 16:44:49.0080000 +00:00
1971,2021-07-16,2021-07-19 16:44:49.0080000 +00:00,2021-07-19 16:44:49.0080000 +00:00
1972,2021-07-15,2021-07-19 16:44:49.0080000 +00:00,2021-07-19 16:44:49.0080000 +00:00
2061,2021-07-22,2021-07-22 19:20:54.0140000 +00:00,2021-07-22 19:20:54.0140000 +00:00
2062,2021-07-21,2021-07-22 19:20:54.0150000 +00:00,2021-07-22 19:20:54.0150000 +00:00
2063,2021-07-20,2021-07-22 19:20:54.0150000 +00:00,2021-07-22 19:20:54.0150000 +00:00
2087,2021-07-23,2021-07-23 18:42:52.7490000 +00:00,2021-07-23 18:42:52.7490000 +00:00
2175,2021-07-26,2021-07-26 20:04:25.7360000 +00:00,2021-07-26 20:04:25.7360000 +00:00
2176,2021-07-25,2021-07-26 20:04:25.7360000 +00:00,2021-07-26 20:04:25.7360000 +00:00
2177,2021-07-24,2021-07-26 20:04:25.7360000 +00:00,2021-07-26 20:04:25.7360000 +00:00
2201,2021-07-27,2021-07-27 19:25:05.3480000 +00:00,2021-07-27 19:25:05.3480000 +00:00
3674,2021-08-06,2021-08-08 13:59:22.1510000 +00:00,2021-08-08 13:59:22.1510000 +00:00
3675,2021-08-05,2021-08-08 13:59:22.1510000 +00:00,2021-08-08 13:59:22.1510000 +00:00
3676,2021-08-04,2021-08-08 13:59:22.1520000 +00:00,2021-08-08 13:59:22.1520000 +00:00
3677,2021-08-03,2021-08-08 13:59:22.1520000 +00:00,2021-08-08 13:59:22.1520000 +00:00
3678,2021-08-02,2021-08-08 13:59:22.1520000 +00:00,2021-08-08 13:59:22.1520000 +00:00
3679,2021-08-01,2021-08-08 13:59:22.1520000 +00:00,2021-08-08 13:59:22.1520000 +00:00
3680,2021-07-31,2021-08-08 13:59:22.1520000 +00:00,2021-08-08 13:59:22.1520000 +00:00
3681,2021-07-30,2021-08-08 13:59:22.1520000 +00:00,2021-08-08 13:59:22.1520000 +00:00
3682,2021-07-29,2021-08-08 13:59:22.1520000 +00:00,2021-08-08 13:59:22.1520000 +00:00
3683,2021-07-28,2021-08-08 13:59:22.1530000 +00:00,2021-08-08 13:59:22.1530000 +00:00
3747,2021-08-10,2021-08-10 14:51:05.3270000 +00:00,2021-08-10 14:51:05.3270000 +00:00
3748,2021-08-09,2021-08-10 14:51:05.3270000 +00:00,2021-08-10 14:51:05.3270000 +00:00
3749,2021-08-08,2021-08-10 14:51:05.3270000 +00:00,2021-08-10 14:51:05.3270000 +00:00
3750,2021-08-07,2021-08-10 14:51:05.3280000 +00:00,2021-08-10 14:51:05.3280000 +00:00
3801,2021-08-12,2021-08-12 14:02:08.5460000 +00:00,2021-08-12 14:02:08.5460000 +00:00
3802,2021-08-11,2021-08-12 14:02:08.5470000 +00:00,2021-08-12 14:02:08.5470000 +00:00
3831,2021-08-13,2021-08-13 18:59:26.0770000 +00:00,2021-08-13 18:59:26.0770000 +00:00
3901,2021-08-16,2021-08-16 13:49:41.5770000 +00:00,2021-08-16 13:49:41.5770000 +00:00
3902,2021-08-15,2021-08-16 13:49:41.5780000 +00:00,2021-08-16 13:49:41.5780000 +00:00
3903,2021-08-14,2021-08-16 13:49:41.5780000 +00:00,2021-08-16 13:49:41.5780000 +00:00
3956,2021-08-18,2021-08-18 15:13:53.1250000 +00:00,2021-08-18 15:13:53.1250000 +00:00
3957,2021-08-17,2021-08-18 15:13:53.1260000 +00:00,2021-08-18 15:13:53.1260000 +00:00
3988,2021-08-19,2021-08-19 22:35:38.0110000 +00:00,2021-08-19 22:35:38.0110000 +00:00
4004,2021-08-20,2021-08-20 13:41:27.6910000 +00:00,2021-08-20 13:41:27.6910000 +00:00
4169,2021-08-24,2021-08-24 18:55:36.0550000 +00:00,2021-08-24 18:55:36.0550000 +00:00
4170,2021-08-23,2021-08-24 18:55:36.0550000 +00:00,2021-08-24 18:55:36.0550000 +00:00
4171,2021-08-22,2021-08-24 18:55:36.0550000 +00:00,2021-08-24 18:55:36.0550000 +00:00
4172,2021-08-21,2021-08-24 18:55:36.0550000 +00:00,2021-08-24 18:55:36.0550000 +00:00
4283,2021-08-27,2021-08-27 19:55:19.7490000 +00:00,2021-08-27 19:55:19.7490000 +00:00
4284,2021-08-26,2021-08-27 19:55:19.7500000 +00:00,2021-08-27 19:55:19.7500000 +00:00
4285,2021-08-25,2021-08-27 19:55:19.7500000 +00:00,2021-08-27 19:55:19.7500000 +00:00
4360,2021-08-30,2021-08-30 15:57:32.4340000 +00:00,2021-08-30 15:57:32.4340000 +00:00
4361,2021-08-29,2021-08-30 15:57:32.4340000 +00:00,2021-08-30 15:57:32.4340000 +00:00
4362,2021-08-28,2021-08-30 15:57:32.4340000 +00:00,2021-08-30 15:57:32.4340000 +00:00
4387,2021-08-31,2021-08-31 15:08:12.7930000 +00:00,2021-08-31 15:08:12.7930000 +00:00
4410,2021-09-01,2021-09-01 13:57:14.7710000 +00:00,2021-09-01 13:57:14.7710000 +00:00
4437,2021-09-02,2021-09-02 15:33:54.0680000 +00:00,2021-09-02 15:33:54.0680000 +00:00
4692,2021-09-08,2021-09-08 15:20:01.1780000 +00:00,2021-09-08 15:20:01.1780000 +00:00
4693,2021-09-07,2021-09-08 15:20:01.1780000 +00:00,2021-09-08 15:20:01.1780000 +00:00
4694,2021-09-06,2021-09-08 15:20:01.1780000 +00:00,2021-09-08 15:20:01.1780000 +00:00
4695,2021-09-05,2021-09-08 15:20:01.1780000 +00:00,2021-09-08 15:20:01.1780000 +00:00
4696,2021-09-04,2021-09-08 15:20:01.1780000 +00:00,2021-09-08 15:20:01.1780000 +00:00
4697,2021-09-03,2021-09-08 15:20:01.1790000 +00:00,2021-09-08 15:20:01.1790000 +00:00
4721,2021-09-09,2021-09-09 14:16:22.6040000 +00:00,2021-09-09 14:16:22.6040000 +00:00
4752,2021-09-10,2021-09-10 20:13:56.1020000 +00:00,2021-09-10 20:13:56.1020000 +00:00
4905,2021-09-14,2021-09-14 16:13:40.2380000 +00:00,2021-09-14 16:13:40.2380000 +00:00
4906,2021-09-13,2021-09-14 16:13:40.2380000 +00:00,2021-09-14 16:13:40.2380000 +00:00
4907,2021-09-12,2021-09-14 16:13:40.2390000 +00:00,2021-09-14 16:13:40.2390000 +00:00
4908,2021-09-11,2021-09-14 16:13:40.2390000 +00:00,2021-09-14 16:13:40.2390000 +00:00
4935,2021-09-15,2021-09-15 18:19:49.0720000 +00:00,2021-09-15 18:19:49.0720000 +00:00
4958,2021-09-16,2021-09-16 16:18:55.5370000 +00:00,2021-09-16 16:18:55.5370000 +00:00
5182,2021-09-21,2021-09-21 20:01:22.2500000 +00:00,2021-09-21 20:01:22.2500000 +00:00
5183,2021-09-20,2021-09-21 20:01:22.2500000 +00:00,2021-09-21 20:01:22.2500000 +00:00
5184,2021-09-19,2021-09-21 20:01:22.2500000 +00:00,2021-09-21 20:01:22.2500000 +00:00
5185,2021-09-18,2021-09-21 20:01:22.2500000 +00:00,2021-09-21 20:01:22.2500000 +00:00
5186,2021-09-17,2021-09-21 20:01:22.2500000 +00:00,2021-09-21 20:01:22.2500000 +00:00
5206,2021-09-22,2021-09-22 15:10:28.6400000 +00:00,2021-09-22 15:10:28.6400000 +00:00
5230,2021-09-23,2021-09-23 14:33:34.3990000 +00:00,2021-09-23 14:33:34.3990000 +00:00
5233,2021-09-27,2021-09-27 13:00:13.2670000 +00:00,2021-09-27 13:00:13.2670000 +00:00
5234,2021-09-26,2021-09-27 13:00:13.2670000 +00:00,2021-09-27 13:00:13.2670000 +00:00
5235,2021-09-25,2021-09-27 13:00:13.2670000 +00:00,2021-09-27 13:00:13.2670000 +00:00
5236,2021-09-24,2021-09-27 13:00:13.2680000 +00:00,2021-09-27 13:00:13.2680000 +00:00
5237,2021-09-28,2021-09-28 13:00:09.4060000 +00:00,2021-09-28 13:00:09.4060000 +00:00
5238,2021-09-29,2021-09-29 13:00:09.2630000 +00:00,2021-09-29 13:00:09.2630000 +00:00
5239,2021-09-30,2021-09-30 13:00:09.1570000 +00:00,2021-09-30 13:00:09.1570000 +00:00
5240,2021-10-01,2021-10-01 14:00:09.8430000 +00:00,2021-10-01 14:00:09.8430000 +00:00
5241,2021-10-04,2021-10-04 13:00:11.5280000 +00:00,2021-10-04 13:00:11.5280000 +00:00
5242,2021-10-03,2021-10-04 13:00:11.5290000 +00:00,2021-10-04 13:00:11.5290000 +00:00
5243,2021-10-02,2021-10-04 13:00:11.5290000 +00:00,2021-10-04 13:00:11.5290000 +00:00
5244,2021-10-05,2021-10-05 13:00:09.0790000 +00:00,2021-10-05 13:00:09.0790000 +00:00
5245,2021-10-06,2021-10-06 13:00:09.2360000 +00:00,2021-10-06 13:00:09.2360000 +00:00
5246,2021-10-07,2021-10-07 14:00:08.9950000 +00:00,2021-10-07 14:00:08.9950000 +00:00
5247,2021-10-08,2021-10-08 13:00:09.4290000 +00:00,2021-10-08 13:00:09.4290000 +00:00
5248,2021-10-11,2021-10-11 13:00:13.2140000 +00:00,2021-10-11 13:00:13.2140000 +00:00
5249,2021-10-10,2021-10-11 13:00:13.2150000 +00:00,2021-10-11 13:00:13.2150000 +00:00
5250,2021-10-09,2021-10-11 13:00:13.2150000 +00:00,2021-10-11 13:00:13.2150000 +00:00
5251,2021-10-12,2021-10-12 13:00:10.7510000 +00:00,2021-10-12 13:00:10.7510000 +00:00
5252,2021-10-13,2021-10-13 13:00:14.2280000 +00:00,2021-10-13 13:00:14.2280000 +00:00
5253,2021-10-14,2021-10-14 14:00:09.9700000 +00:00,2021-10-14 14:00:09.9700000 +00:00
5254,2021-10-15,2021-10-15 13:00:10.1290000 +00:00,2021-10-15 13:00:10.1290000 +00:00
5255,2021-10-18,2021-10-18 13:00:12.3230000 +00:00,2021-10-18 13:00:12.3230000 +00:00
5256,2021-10-17,2021-10-18 13:00:12.3230000 +00:00,2021-10-18 13:00:12.3230000 +00:00
5257,2021-10-16,2021-10-18 13:00:12.3240000 +00:00,2021-10-18 13:00:12.3240000 +00:00
5258,2021-10-19,2021-10-19 13:00:08.8270000 +00:00,2021-10-19 13:00:08.8270000 +00:00
5259,2021-10-20,2021-10-20 11:00:09.8220000 +00:00,2021-10-20 11:00:09.8220000 +00:00
5260,2021-10-21,2021-10-21 13:00:13.0050000 +00:00,2021-10-21 13:00:13.0050000 +00:00
5261,2021-10-22,2021-10-22 13:00:09.6890000 +00:00,2021-10-22 13:00:09.6890000 +00:00
5262,2021-10-25,2021-10-25 13:00:12.2890000 +00:00,2021-10-25 13:00:12.2890000 +00:00
5263,2021-10-24,2021-10-25 13:00:12.2900000 +00:00,2021-10-25 13:00:12.2900000 +00:00
5264,2021-10-23,2021-10-25 13:00:12.2900000 +00:00,2021-10-25 13:00:12.2900000 +00:00
5265,2021-10-26,2021-10-26 14:00:09.2660000 +00:00,2021-10-26 14:00:09.2660000 +00:00
5266,2021-10-27,2021-10-27 13:00:10.0460000 +00:00,2021-10-27 13:00:10.0460000 +00:00
5267,2021-10-28,2021-10-28 13:00:09.0540000 +00:00,2021-10-28 13:00:09.0540000 +00:00
58163,2022-04-05,2022-04-05 16:16:30.2880000 +00:00,2022-04-05 16:16:30.2880000 +00:00
58164,2022-04-04,2022-04-05 16:16:30.2890000 +00:00,2022-04-05 16:16:30.2890000 +00:00
58165,2022-04-03,2022-04-05 16:16:30.2890000 +00:00,2022-04-05 16:16:30.2890000 +00:00
58166,2022-04-02,2022-04-05 16:16:30.2890000 +00:00,2022-04-05 16:16:30.2890000 +00:00
58167,2022-04-01,2022-04-05 16:16:30.2900000 +00:00,2022-04-05 16:16:30.2900000 +00:00
58168,2022-03-31,2022-04-05 16:16:30.2900000 +00:00,2022-04-05 16:16:30.2900000 +00:00
58169,2022-03-30,2022-04-05 16:16:30.2900000 +00:00,2022-04-05 16:16:30.2900000 +00:00
58170,2022-03-29,2022-04-05 16:16:30.2900000 +00:00,2022-04-05 16:16:30.2900000 +00:00
58171,2022-03-28,2022-04-05 16:16:30.2900000 +00:00,2022-04-05 16:16:30.2900000 +00:00
58172,2022-03-27,2022-04-05 16:16:30.2910000 +00:00,2022-04-05 16:16:30.2910000 +00:00
58173,2022-03-26,2022-04-05 16:16:30.2910000 +00:00,2022-04-05 16:16:30.2910000 +00:00
58174,2022-03-25,2022-04-05 16:16:30.2910000 +00:00,2022-04-05 16:16:30.2910000 +00:00
58175,2022-03-24,2022-04-05 16:16:30.2910000 +00:00,2022-04-05 16:16:30.2910000 +00:00
58176,2022-03-23,2022-04-05 16:16:30.2910000 +00:00,2022-04-05 16:16:30.2910000 +00:00
58177,2022-03-22,2022-04-05 16:16:30.2920000 +00:00,2022-04-05 16:16:30.2920000 +00:00
58178,2022-03-21,2022-04-05 16:16:30.2920000 +00:00,2022-04-05 16:16:30.2920000 +00:00
58179,2022-03-20,2022-04-05 16:16:30.2930000 +00:00,2022-04-05 16:16:30.2930000 +00:00
58180,2022-03-19,2022-04-05 16:16:30.2930000 +00:00,2022-04-05 16:16:30.2930000 +00:00
58181,2022-03-18,2022-04-05 16:16:30.2930000 +00:00,2022-04-05 16:16:30.2930000 +00:00
58182,2022-03-17,2022-04-05 16:16:30.2930000 +00:00,2022-04-05 16:16:30.2930000 +00:00
58183,2022-03-16,2022-04-05 16:16:30.2940000 +00:00,2022-04-05 16:16:30.2940000 +00:00
58184,2022-03-15,2022-04-05 16:16:30.2940000 +00:00,2022-04-05 16:16:30.2940000 +00:00
58185,2022-03-14,2022-04-05 16:16:30.2940000 +00:00,2022-04-05 16:16:30.2940000 +00:00
58186,2022-03-13,2022-04-05 16:16:30.2940000 +00:00,2022-04-05 16:16:30.2940000 +00:00
58187,2022-03-12,2022-04-05 16:16:30.2950000 +00:00,2022-04-05 16:16:30.2950000 +00:00
58188,2022-03-11,2022-04-05 16:16:30.2950000 +00:00,2022-04-05 16:16:30.2950000 +00:00
58189,2022-03-10,2022-04-05 16:16:30.2960000 +00:00,2022-04-05 16:16:30.2960000 +00:00
58190,2022-03-09,2022-04-05 16:16:30.2960000 +00:00,2022-04-05 16:16:30.2960000 +00:00
58191,2022-03-08,2022-04-05 16:16:30.2960000 +00:00,2022-04-05 16:16:30.2960000 +00:00
58192,2022-03-07,2022-04-05 16:16:30.2960000 +00:00,2022-04-05 16:16:30.2960000 +00:00
58193,2022-04-06,2022-04-06 13:00:02.3550000 +00:00,2022-04-06 13:00:02.3550000 +00:00
58194,2022-04-07,2022-04-07 13:00:03.2160000 +00:00,2022-04-07 13:00:03.2160000 +00:00
58195,2022-04-08,2022-04-08 13:00:03.6460000 +00:00,2022-04-08 13:00:03.6460000 +00:00
58196,2022-04-11,2022-04-11 13:00:10.2200000 +00:00,2022-04-11 13:00:10.2200000 +00:00
58197,2022-04-10,2022-04-11 13:00:10.2210000 +00:00,2022-04-11 13:00:10.2210000 +00:00
58198,2022-04-09,2022-04-11 13:00:10.2210000 +00:00,2022-04-11 13:00:10.2210000 +00:00
58199,2022-04-12,2022-04-12 13:00:02.7390000 +00:00,2022-04-12 13:00:02.7390000 +00:00
58200,2022-04-13,2022-04-13 13:00:02.8140000 +00:00,2022-04-13 13:00:02.8140000 +00:00
58201,2022-04-14,2022-04-14 13:00:02.8180000 +00:00,2022-04-14 13:00:02.8180000 +00:00
58202,2022-04-15,2022-04-15 13:00:02.1670000 +00:00,2022-04-15 13:00:02.1670000 +00:00
58203,2022-04-18,2022-04-18 13:00:08.9910000 +00:00,2022-04-18 13:00:08.9910000 +00:00
58204,2022-04-17,2022-04-18 13:00:08.9920000 +00:00,2022-04-18 13:00:08.9920000 +00:00
58205,2022-04-16,2022-04-18 13:00:08.9920000 +00:00,2022-04-18 13:00:08.9920000 +00:00
58206,2022-04-19,2022-04-19 12:00:05.1810000 +00:00,2022-04-19 12:00:05.1810000 +00:00
58207,2022-04-20,2022-04-20 14:00:03.4650000 +00:00,2022-04-20 14:00:03.4650000 +00:00
58208,2022-04-21,2022-04-21 15:00:02.5630000 +00:00,2022-04-21 15:00:02.5630000 +00:00
58209,2022-04-22,2022-04-22 14:00:01.2320000 +00:00,2022-04-22 14:00:01.2320000 +00:00
58210,2022-04-25,2022-04-25 13:00:06.8080000 +00:00,2022-04-25 13:00:06.8080000 +00:00
58211,2022-04-24,2022-04-25 13:00:06.8080000 +00:00,2022-04-25 13:00:06.8080000 +00:00
58212,2022-04-23,2022-04-25 13:00:06.8080000 +00:00,2022-04-25 13:00:06.8080000 +00:00
58213,2022-04-26,2022-04-26 12:59:59.1510000 +00:00,2022-04-26 12:59:59.1510000 +00:00
58214,2022-04-27,2022-04-27 13:59:57.8810000 +00:00,2022-04-27 13:59:57.8810000 +00:00
58215,2022-04-28,2022-04-28 13:59:57.6790000 +00:00,2022-04-28 13:59:57.6790000 +00:00
58216,2022-04-29,2022-04-29 13:59:57.2420000 +00:00,2022-04-29 13:59:57.2420000 +00:00
58217,2022-05-02,2022-05-02 13:00:01.6480000 +00:00,2022-05-02 13:00:01.6480000 +00:00
58218,2022-05-01,2022-05-02 13:00:01.6490000 +00:00,2022-05-02 13:00:01.6490000 +00:00
58219,2022-04-30,2022-05-02 13:00:01.6490000 +00:00,2022-05-02 13:00:01.6490000 +00:00
58220,2022-05-03,2022-05-03 13:59:55.7900000 +00:00,2022-05-03 13:59:55.7900000 +00:00
58221,2022-05-04,2022-05-04 12:59:53.0870000 +00:00,2022-05-04 12:59:53.0870000 +00:00
58222,2022-05-05,2022-05-05 12:59:53.4920000 +00:00,2022-05-05 12:59:53.4920000 +00:00
58223,2022-05-06,2022-05-06 12:59:53.1250000 +00:00,2022-05-06 12:59:53.1250000 +00:00
58224,2022-05-09,2022-05-09 12:59:58.5050000 +00:00,2022-05-09 12:59:58.5050000 +00:00
58225,2022-05-08,2022-05-09 12:59:58.5050000 +00:00,2022-05-09 12:59:58.5050000 +00:00
58226,2022-05-07,2022-05-09 12:59:58.5050000 +00:00,2022-05-09 12:59:58.5050000 +00:00
58227,2022-05-10,2022-05-10 12:59:49.4350000 +00:00,2022-05-10 12:59:49.4350000 +00:00
58228,2022-05-11,2022-05-11 12:59:49.5100000 +00:00,2022-05-11 12:59:49.5100000 +00:00
58229,2022-05-12,2022-05-12 12:59:48.3260000 +00:00,2022-05-12 12:59:48.3260000 +00:00
58230,2022-05-13,2022-05-13 12:59:46.9200000 +00:00,2022-05-13 12:59:46.9200000 +00:00
58231,2022-05-16,2022-05-16 12:59:52.2890000 +00:00,2022-05-16 12:59:52.2890000 +00:00
58232,2022-05-15,2022-05-16 12:59:52.2900000 +00:00,2022-05-16 12:59:52.2900000 +00:00
58233,2022-05-14,2022-05-16 12:59:52.2900000 +00:00,2022-05-16 12:59:52.2900000 +00:00
58234,2022-05-17,2022-05-17 12:59:45.1160000 +00:00,2022-05-17 12:59:45.1160000 +00:00
58235,2022-05-18,2022-05-18 12:59:44.6180000 +00:00,2022-05-18 12:59:44.6180000 +00:00
58236,2022-05-19,2022-05-19 12:59:44.0790000 +00:00,2022-05-19 12:59:44.0790000 +00:00
58237,2022-05-20,2022-05-20 12:59:42.7710000 +00:00,2022-05-20 12:59:42.7710000 +00:00
58238,2022-05-23,2022-05-23 12:59:48.8720000 +00:00,2022-05-23 12:59:48.8720000 +00:00
58239,2022-05-22,2022-05-23 12:59:48.8720000 +00:00,2022-05-23 12:59:48.8720000 +00:00
58240,2022-05-21,2022-05-23 12:59:48.8720000 +00:00,2022-05-23 12:59:48.8720000 +00:00
58241,2022-05-24,2022-05-24 12:59:40.5340000 +00:00,2022-05-24 12:59:40.5340000 +00:00
58242,2022-05-25,2022-05-25 12:59:40.2480000 +00:00,2022-05-25 12:59:40.2480000 +00:00
58243,2022-05-26,2022-05-26 12:59:39.8330000 +00:00,2022-05-26 12:59:39.8330000 +00:00
58244,2022-05-27,2022-05-27 12:59:37.7690000 +00:00,2022-05-27 12:59:37.7690000 +00:00
58245,2022-05-31,2022-05-31 12:59:56.1040000 +00:00,2022-05-31 12:59:56.1040000 +00:00
58246,2022-05-30,2022-05-31 12:59:56.1040000 +00:00,2022-05-31 12:59:56.1040000 +00:00
58247,2022-05-29,2022-05-31 12:59:56.1040000 +00:00,2022-05-31 12:59:56.1040000 +00:00
58248,2022-05-28,2022-05-31 12:59:56.1040000 +00:00,2022-05-31 12:59:56.1040000 +00:00
58249,2022-06-01,2022-06-01 12:59:35.9720000 +00:00,2022-06-01 12:59:35.9720000 +00:00
58250,2022-06-02,2022-06-02 12:59:34.9120000 +00:00,2022-06-02 12:59:34.9120000 +00:00
58251,2022-06-03,2022-06-03 12:59:34.8360000 +00:00,2022-06-03 12:59:34.8360000 +00:00
58252,2022-06-06,2022-06-06 13:59:38.5790000 +00:00,2022-06-06 13:59:38.5790000 +00:00
58253,2022-06-05,2022-06-06 13:59:38.5800000 +00:00,2022-06-06 13:59:38.5800000 +00:00
58254,2022-06-04,2022-06-06 13:59:38.5800000 +00:00,2022-06-06 13:59:38.5800000 +00:00
58255,2022-06-08,2022-06-08 12:59:33.9780000 +00:00,2022-06-08 12:59:33.9780000 +00:00
58256,2022-06-07,2022-06-08 12:59:33.9790000 +00:00,2022-06-08 12:59:33.9790000 +00:00
58257,2022-06-09,2022-06-09 12:59:30.3360000 +00:00,2022-06-09 12:59:30.3360000 +00:00
58258,2022-06-10,2022-06-10 12:59:29.1150000 +00:00,2022-06-10 12:59:29.1150000 +00:00
58259,2022-06-13,2022-06-13 12:59:34.3370000 +00:00,2022-06-13 12:59:34.3370000 +00:00
58260,2022-06-12,2022-06-13 12:59:34.3380000 +00:00,2022-06-13 12:59:34.3380000 +00:00
58261,2022-06-11,2022-06-13 12:59:34.3380000 +00:00,2022-06-13 12:59:34.3380000 +00:00
58262,2022-06-14,2022-06-14 12:59:27.2110000 +00:00,2022-06-14 12:59:27.2110000 +00:00
58263,2022-06-15,2022-06-15 12:59:25.7530000 +00:00,2022-06-15 12:59:25.7530000 +00:00
58264,2022-06-16,2022-06-16 12:59:25.4990000 +00:00,2022-06-16 12:59:25.4990000 +00:00
58265,2022-06-17,2022-06-17 12:59:24.7530000 +00:00,2022-06-17 12:59:24.7530000 +00:00
58266,2022-06-21,2022-06-21 13:00:12.9670000 +00:00,2022-06-21 13:00:12.9670000 +00:00
58267,2022-06-20,2022-06-21 13:00:12.9680000 +00:00,2022-06-21 13:00:12.9680000 +00:00
58268,2022-06-19,2022-06-21 13:00:12.9680000 +00:00,2022-06-21 13:00:12.9680000 +00:00
58269,2022-06-18,2022-06-21 13:00:12.9680000 +00:00,2022-06-21 13:00:12.9680000 +00:00
58270,2022-06-22,2022-06-22 13:00:03.9030000 +00:00,2022-06-22 13:00:03.9030000 +00:00
58271,2022-06-23,2022-06-23 13:00:02.6490000 +00:00,2022-06-23 13:00:02.6490000 +00:00
58272,2022-06-24,2022-06-24 13:00:03.3580000 +00:00,2022-06-24 13:00:03.3580000 +00:00
58273,2022-06-27,2022-06-27 13:00:10.5170000 +00:00,2022-06-27 13:00:10.5170000 +00:00
58274,2022-06-26,2022-06-27 13:00:10.5180000 +00:00,2022-06-27 13:00:10.5180000 +00:00
58275,2022-06-25,2022-06-27 13:00:10.5180000 +00:00,2022-06-27 13:00:10.5180000 +00:00
58276,2022-06-28,2022-06-28 13:00:03.6580000 +00:00,2022-06-28 13:00:03.6580000 +00:00
58277,2022-06-29,2022-06-29 13:00:03.6770000 +00:00,2022-06-29 13:00:03.6770000 +00:00
58278,2022-06-30,2022-06-30 13:00:03.2430000 +00:00,2022-06-30 13:00:03.2430000 +00:00
58279,2022-07-01,2022-07-01 13:00:03.5890000 +00:00,2022-07-01 13:00:03.5890000 +00:00
58280,2022-08-03,2022-08-03 12:10:10.5790000 +00:00,2022-08-03 12:10:10.5790000 +00:00
58281,2022-08-02,2022-08-03 12:10:10.5800000 +00:00,2022-08-03 12:10:10.5800000 +00:00
58282,2022-08-01,2022-08-03 12:10:10.5800000 +00:00,2022-08-03 12:10:10.5800000 +00:00
58283,2022-07-31,2022-08-03 12:10:10.5800000 +00:00,2022-08-03 12:10:10.5800000 +00:00
58284,2022-07-30,2022-08-03 12:10:10.5810000 +00:00,2022-08-03 12:10:10.5810000 +00:00
58285,2022-07-29,2022-08-03 12:10:10.5810000 +00:00,2022-08-03 12:10:10.5810000 +00:00
58286,2022-07-28,2022-08-03 12:10:10.5810000 +00:00,2022-08-03 12:10:10.5810000 +00:00
58287,2022-07-27,2022-08-03 12:10:10.5820000 +00:00,2022-08-03 12:10:10.5820000 +00:00
58288,2022-07-26,2022-08-03 12:10:10.5820000 +00:00,2022-08-03 12:10:10.5820000 +00:00
58289,2022-07-25,2022-08-03 12:10:10.5820000 +00:00,2022-08-03 12:10:10.5820000 +00:00
58290,2022-07-24,2022-08-03 12:10:10.5820000 +00:00,2022-08-03 12:10:10.5820000 +00:00
58291,2022-07-23,2022-08-03 12:10:10.5820000 +00:00,2022-08-03 12:10:10.5820000 +00:00
58292,2022-07-22,2022-08-03 12:10:10.5830000 +00:00,2022-08-03 12:10:10.5830000 +00:00
58293,2022-07-21,2022-08-03 12:10:10.5830000 +00:00,2022-08-03 12:10:10.5830000 +00:00
58294,2022-07-20,2022-08-03 12:10:10.5830000 +00:00,2022-08-03 12:10:10.5830000 +00:00
58295,2022-07-19,2022-08-03 12:10:10.5830000 +00:00,2022-08-03 12:10:10.5830000 +00:00
58296,2022-07-18,2022-08-03 12:10:10.5830000 +00:00,2022-08-03 12:10:10.5830000 +00:00
58297,2022-07-17,2022-08-03 12:10:10.5830000 +00:00,2022-08-03 12:10:10.5830000 +00:00
58298,2022-07-16,2022-08-03 12:10:10.5830000 +00:00,2022-08-03 12:10:10.5830000 +00:00
58299,2022-07-15,2022-08-03 12:10:10.5830000 +00:00,2022-08-03 12:10:10.5830000 +00:00
58300,2022-07-14,2022-08-03 12:10:10.5840000 +00:00,2022-08-03 12:10:10.5840000 +00:00
58301,2022-07-13,2022-08-03 12:10:10.5840000 +00:00,2022-08-03 12:10:10.5840000 +00:00
58302,2022-07-12,2022-08-03 12:10:10.5840000 +00:00,2022-08-03 12:10:10.5840000 +00:00
58303,2022-07-11,2022-08-03 12:10:10.5840000 +00:00,2022-08-03 12:10:10.5840000 +00:00
58304,2022-07-10,2022-08-03 12:10:10.5840000 +00:00,2022-08-03 12:10:10.5840000 +00:00
58305,2022-07-09,2022-08-03 12:10:10.5850000 +00:00,2022-08-03 12:10:10.5850000 +00:00
58306,2022-07-08,2022-08-03 12:10:10.5850000 +00:00,2022-08-03 12:10:10.5850000 +00:00
58307,2022-07-07,2022-08-03 12:10:10.5850000 +00:00,2022-08-03 12:10:10.5850000 +00:00
58308,2022-07-06,2022-08-03 12:10:10.5850000 +00:00,2022-08-03 12:10:10.5850000 +00:00
58309,2022-07-05,2022-08-03 12:10:10.5850000 +00:00,2022-08-03 12:10:10.5850000 +00:00
58310,2022-08-04,2022-08-04 13:00:03.6460000 +00:00,2022-08-04 13:00:03.6460000 +00:00
58311,2022-08-05,2022-08-05 15:00:04.5870000 +00:00,2022-08-05 15:00:04.5870000 +00:00
58312,2022-08-08,2022-08-08 13:00:10.8700000 +00:00,2022-08-08 13:00:10.8700000 +00:00
58313,2022-08-07,2022-08-08 13:00:10.8700000 +00:00,2022-08-08 13:00:10.8700000 +00:00
58314,2022-08-06,2022-08-08 13:00:10.8700000 +00:00,2022-08-08 13:00:10.8700000 +00:00
58315,2022-08-09,2022-08-09 13:00:03.0280000 +00:00,2022-08-09 13:00:03.0280000 +00:00
58316,2022-08-10,2022-08-10 13:00:04.0440000 +00:00,2022-08-10 13:00:04.0440000 +00:00
58317,2022-08-11,2022-08-11 13:00:03.2200000 +00:00,2022-08-11 13:00:03.2200000 +00:00
58318,2022-08-12,2022-08-12 13:00:05.6960000 +00:00,2022-08-12 13:00:05.6960000 +00:00
58319,2022-08-15,2022-08-15 13:00:11.7570000 +00:00,2022-08-15 13:00:11.7570000 +00:00
58320,2022-08-14,2022-08-15 13:00:11.7580000 +00:00,2022-08-15 13:00:11.7580000 +00:00
58321,2022-08-13,2022-08-15 13:00:11.7580000 +00:00,2022-08-15 13:00:11.7580000 +00:00
58322,2022-08-16,2022-08-16 13:00:03.7980000 +00:00,2022-08-16 13:00:03.7980000 +00:00
58323,2022-08-17,2022-08-17 13:00:03.6330000 +00:00,2022-08-17 13:00:03.6330000 +00:00
58324,2022-08-18,2022-08-18 13:00:03.5050000 +00:00,2022-08-18 13:00:03.5050000 +00:00
58325,2022-08-19,2022-08-19 14:00:02.6440000 +00:00,2022-08-19 14:00:02.6440000 +00:00
58326,2022-08-22,2022-08-22 14:00:10.5330000 +00:00,2022-08-22 14:00:10.5330000 +00:00
58327,2022-08-21,2022-08-22 14:00:10.5350000 +00:00,2022-08-22 14:00:10.5350000 +00:00
58328,2022-08-20,2022-08-22 14:00:10.5350000 +00:00,2022-08-22 14:00:10.5350000 +00:00
58329,2022-08-23,2022-08-23 13:00:07.9760000 +00:00,2022-08-23 13:00:07.9760000 +00:00
58330,2022-08-24,2022-08-24 14:00:03.1220000 +00:00,2022-08-24 14:00:03.1220000 +00:00
58331,2022-08-25,2022-08-25 16:00:03.6040000 +00:00,2022-08-25 16:00:03.6040000 +00:00
58332,2022-08-26,2022-08-26 13:00:02.8590000 +00:00,2022-08-26 13:00:02.8590000 +00:00
